variant,binary,version,dataset,run_index,seed,population,islands,generations,mutation_rate,elite_count,reported_length,cuda_elapsed_ms,generations_completed,target_reached,status,notes
gpu_naive,build/GPU-Naive,gpu_naive,data/berlin52.tsp,1,100,NA,NA,NA,NA,NA,8181,NA,NA,NA,ok,
cuda_ga,build/CUDA-GA,cuda_ga,data/berlin52.tsp,1,100,512,NA,2000,0.03,4,7640,NA,NA,NA,ok,
cuda_ga_gpu_pop,build/CUDA-GA-GPU-Pop,GPU-Pop Control,data/berlin52.tsp,1,100,NA,256,2000,0.03,2,8964,351.921,2000,no,ok,
cuda_ga_gpu_pop_bankconflict,build/CUDA-GA-GPU-Pop-bankconflict,GPU-Pop Bank-Conflict Variant,data/berlin52.tsp,1,100,NA,256,2000,0.03,2,8964,330.322,2000,no,ok,
cuda_ga_gpu_pop_bitset,build/CUDA-GA-GPU-Pop-bitset,GPU-Pop Bitset Variant,data/berlin52.tsp,1,100,NA,256,2000,0.03,2,8964,284.171,2000,no,ok,
cuda_ga_gpu_pop_parallel_sort,build/GA-GPU-POP-ParallelSort,GA-GPU-POP-ParallelSort,data/berlin52.tsp,1,100,NA,256,2000,0.03,2,9025,NA,NA,NA,ok,
cuda_ga_gpu_pop_aos,build/GA-GPU-POP-AoS,GA-GPU-POP-AoS,data/berlin52.tsp,1,100,NA,256,2000,0.03,2,8964,NA,NA,NA,ok,
cuda_ga_gpu_pop_global_dist,build/GA-GPU-POP-GlobalDist,GA-GPU-POP-GlobalDist,data/berlin52.tsp,1,100,NA,256,2000,0.03,2,8964,279.828,2000,no,ok,
cuda_ga_gpu_pop_verbose_comments,build/GA-GPU-POP-VerboseComments,GA-GPU-POP-VerboseComments,data/berlin52.tsp,1,100,NA,256,2000,0.03,2,8964,NA,NA,NA,ok,
cuda_ga_b1_stride,build/CUDA-GA-B1-stride,GPU-Pop B1-stride,data/berlin52.tsp,1,100,NA,256,2000,0.03,2,9142,NA,NA,NA,ok,
cuda_ga_b2_bitmask,build/CUDA-GA-B2-bitmask,GPU-Pop B1+B2,data/berlin52.tsp,1,100,NA,256,2000,0.03,2,9142,NA,NA,NA,ok,
cuda_ga_b3_reduce,build/CUDA-GA-B3-reduce,GPU-Pop B1+B2+B3-reduce,data/berlin52.tsp,1,100,NA,256,2000,0.03,2,9142,NA,NA,NA,ok,
cuda_ga_b3_shuffle,build/CUDA-GA-B3-shuffle,GPU-Pop B1+B2+B3-shuffle,data/berlin52.tsp,1,100,NA,256,2000,0.03,2,9142,NA,NA,NA,ok,
cuda_ga_b4_global,build/CUDA-GA-B4-global,GPU-Pop B1+B2+B3-shuffle+B4-global,data/berlin52.tsp,1,100,NA,256,2000,0.03,2,9142,NA,NA,NA,ok,
cuda_ga_b5_bigpop,build/CUDA-GA-B5-bigpop,GPU-Pop B5-bigpop,data/berlin52.tsp,1,100,NA,256,2000,0.03,2,7542,NA,NA,NA,ok,
cuda_ga_b4_smem,build/CUDA-GA-B4-smem,GPU-Pop B1+B2+B3-shuffle+B4-smem,data/berlin52.tsp,1,100,NA,256,2000,0.03,2,9142,NA,NA,NA,ok,
gpu_naive,build/GPU-Naive,gpu_naive,data/berlin52.tsp,2,101,NA,NA,NA,NA,NA,8181,NA,NA,NA,ok,
cuda_ga,build/CUDA-GA,cuda_ga,data/berlin52.tsp,2,101,512,NA,2000,0.03,4,7717,NA,NA,NA,ok,
cuda_ga_gpu_pop,build/CUDA-GA-GPU-Pop,GPU-Pop Control,data/berlin52.tsp,2,101,NA,256,2000,0.03,2,9262,331.091,2000,no,ok,
cuda_ga_gpu_pop_bankconflict,build/CUDA-GA-GPU-Pop-bankconflict,GPU-Pop Bank-Conflict Variant,data/berlin52.tsp,2,101,NA,256,2000,0.03,2,9262,330.801,2000,no,ok,
cuda_ga_gpu_pop_bitset,build/CUDA-GA-GPU-Pop-bitset,GPU-Pop Bitset Variant,data/berlin52.tsp,2,101,NA,256,2000,0.03,2,9262,285.172,2000,no,ok,
cuda_ga_gpu_pop_parallel_sort,build/GA-GPU-POP-ParallelSort,GA-GPU-POP-ParallelSort,data/berlin52.tsp,2,101,NA,256,2000,0.03,2,8940,NA,NA,NA,ok,
cuda_ga_gpu_pop_aos,build/GA-GPU-POP-AoS,GA-GPU-POP-AoS,data/berlin52.tsp,2,101,NA,256,2000,0.03,2,9262,NA,NA,NA,ok,
cuda_ga_gpu_pop_global_dist,build/GA-GPU-POP-GlobalDist,GA-GPU-POP-GlobalDist,data/berlin52.tsp,2,101,NA,256,2000,0.03,2,9262,279.87,2000,no,ok,
cuda_ga_gpu_pop_verbose_comments,build/GA-GPU-POP-VerboseComments,GA-GPU-POP-VerboseComments,data/berlin52.tsp,2,101,NA,256,2000,0.03,2,9262,NA,NA,NA,ok,
cuda_ga_b1_stride,build/CUDA-GA-B1-stride,GPU-Pop B1-stride,data/berlin52.tsp,2,101,NA,256,2000,0.03,2,9264,NA,NA,NA,ok,
cuda_ga_b2_bitmask,build/CUDA-GA-B2-bitmask,GPU-Pop B1+B2,data/berlin52.tsp,2,101,NA,256,2000,0.03,2,9264,NA,NA,NA,ok,
cuda_ga_b3_reduce,build/CUDA-GA-B3-reduce,GPU-Pop B1+B2+B3-reduce,data/berlin52.tsp,2,101,NA,256,2000,0.03,2,9264,NA,NA,NA,ok,
cuda_ga_b3_shuffle,build/CUDA-GA-B3-shuffle,GPU-Pop B1+B2+B3-shuffle,data/berlin52.tsp,2,101,NA,256,2000,0.03,2,9264,NA,NA,NA,ok,
cuda_ga_b4_global,build/CUDA-GA-B4-global,GPU-Pop B1+B2+B3-shuffle+B4-global,data/berlin52.tsp,2,101,NA,256,2000,0.03,2,9264,NA,NA,NA,ok,
cuda_ga_b5_bigpop,build/CUDA-GA-B5-bigpop,GPU-Pop B5-bigpop,data/berlin52.tsp,2,101,NA,256,2000,0.03,2,7542,NA,NA,NA,ok,
cuda_ga_b4_smem,build/CUDA-GA-B4-smem,GPU-Pop B1+B2+B3-shuffle+B4-smem,data/berlin52.tsp,2,101,NA,256,2000,0.03,2,9264,NA,NA,NA,ok,
gpu_naive,build/GPU-Naive,gpu_naive,data/berlin52.tsp,3,102,NA,NA,NA,NA,NA,8181,NA,NA,NA,ok,
cuda_ga,build/CUDA-GA,cuda_ga,data/berlin52.tsp,3,102,512,NA,2000,0.03,4,8076,NA,NA,NA,ok,
cuda_ga_gpu_pop,build/CUDA-GA-GPU-Pop,GPU-Pop Control,data/berlin52.tsp,3,102,NA,256,2000,0.03,2,9307,334.421,2000,no,ok,
cuda_ga_gpu_pop_bankconflict,build/CUDA-GA-GPU-Pop-bankconflict,GPU-Pop Bank-Conflict Variant,data/berlin52.tsp,3,102,NA,256,2000,0.03,2,9307,328.089,2000,no,ok,
cuda_ga_gpu_pop_bitset,build/CUDA-GA-GPU-Pop-bitset,GPU-Pop Bitset Variant,data/berlin52.tsp,3,102,NA,256,2000,0.03,2,9307,284.397,2000,no,ok,
cuda_ga_gpu_pop_parallel_sort,build/GA-GPU-POP-ParallelSort,GA-GPU-POP-ParallelSort,data/berlin52.tsp,3,102,NA,256,2000,0.03,2,9019,NA,NA,NA,ok,
cuda_ga_gpu_pop_aos,build/GA-GPU-POP-AoS,GA-GPU-POP-AoS,data/berlin52.tsp,3,102,NA,256,2000,0.03,2,9307,NA,NA,NA,ok,
cuda_ga_gpu_pop_global_dist,build/GA-GPU-POP-GlobalDist,GA-GPU-POP-GlobalDist,data/berlin52.tsp,3,102,NA,256,2000,0.03,2,9307,279.831,2000,no,ok,
cuda_ga_gpu_pop_verbose_comments,build/GA-GPU-POP-VerboseComments,GA-GPU-POP-VerboseComments,data/berlin52.tsp,3,102,NA,256,2000,0.03,2,9307,NA,NA,NA,ok,
cuda_ga_b1_stride,build/CUDA-GA-B1-stride,GPU-Pop B1-stride,data/berlin52.tsp,3,102,NA,256,2000,0.03,2,9203,NA,NA,NA,ok,
cuda_ga_b2_bitmask,build/CUDA-GA-B2-bitmask,GPU-Pop B1+B2,data/berlin52.tsp,3,102,NA,256,2000,0.03,2,9203,NA,NA,NA,ok,
cuda_ga_b3_reduce,build/CUDA-GA-B3-reduce,GPU-Pop B1+B2+B3-reduce,data/berlin52.tsp,3,102,NA,256,2000,0.03,2,9203,NA,NA,NA,ok,
cuda_ga_b3_shuffle,build/CUDA-GA-B3-shuffle,GPU-Pop B1+B2+B3-shuffle,data/berlin52.tsp,3,102,NA,256,2000,0.03,2,9203,NA,NA,NA,ok,
cuda_ga_b4_global,build/CUDA-GA-B4-global,GPU-Pop B1+B2+B3-shuffle+B4-global,data/berlin52.tsp,3,102,NA,256,2000,0.03,2,9203,NA,NA,NA,ok,
cuda_ga_b5_bigpop,build/CUDA-GA-B5-bigpop,GPU-Pop B5-bigpop,data/berlin52.tsp,3,102,NA,256,2000,0.03,2,7542,NA,NA,NA,ok,
cuda_ga_b4_smem,build/CUDA-GA-B4-smem,GPU-Pop B1+B2+B3-shuffle+B4-smem,data/berlin52.tsp,3,102,NA,256,2000,0.03,2,9203,NA,NA,NA,ok,
gpu_naive,build/GPU-Naive,gpu_naive,data/berlin52.tsp,4,103,NA,NA,NA,NA,NA,8181,NA,NA,NA,ok,
cuda_ga,build/CUDA-GA,cuda_ga,data/berlin52.tsp,4,103,512,NA,2000,0.03,4,7640,NA,NA,NA,ok,
cuda_ga_gpu_pop,build/CUDA-GA-GPU-Pop,GPU-Pop Control,data/berlin52.tsp,4,103,NA,256,2000,0.03,2,9056,332.699,2000,no,ok,
cuda_ga_gpu_pop_bankconflict,build/CUDA-GA-GPU-Pop-bankconflict,GPU-Pop Bank-Conflict Variant,data/berlin52.tsp,4,103,NA,256,2000,0.03,2,9056,329.731,2000,no,ok,
cuda_ga_gpu_pop_bitset,build/CUDA-GA-GPU-Pop-bitset,GPU-Pop Bitset Variant,data/berlin52.tsp,4,103,NA,256,2000,0.03,2,9056,284.406,2000,no,ok,
cuda_ga_gpu_pop_parallel_sort,build/GA-GPU-POP-ParallelSort,GA-GPU-POP-ParallelSort,data/berlin52.tsp,4,103,NA,256,2000,0.03,2,9056,NA,NA,NA,ok,
cuda_ga_gpu_pop_aos,build/GA-GPU-POP-AoS,GA-GPU-POP-AoS,data/berlin52.tsp,4,103,NA,256,2000,0.03,2,9056,NA,NA,NA,ok,
cuda_ga_gpu_pop_global_dist,build/GA-GPU-POP-GlobalDist,GA-GPU-POP-GlobalDist,data/berlin52.tsp,4,103,NA,256,2000,0.03,2,9056,279.35,2000,no,ok,
cuda_ga_gpu_pop_verbose_comments,build/GA-GPU-POP-VerboseComments,GA-GPU-POP-VerboseComments,data/berlin52.tsp,4,103,NA,256,2000,0.03,2,9056,NA,NA,NA,ok,
cuda_ga_b1_stride,build/CUDA-GA-B1-stride,GPU-Pop B1-stride,data/berlin52.tsp,4,103,NA,256,2000,0.03,2,9438,NA,NA,NA,ok,
cuda_ga_b2_bitmask,build/CUDA-GA-B2-bitmask,GPU-Pop B1+B2,data/berlin52.tsp,4,103,NA,256,2000,0.03,2,9438,NA,NA,NA,ok,
cuda_ga_b3_reduce,build/CUDA-GA-B3-reduce,GPU-Pop B1+B2+B3-reduce,data/berlin52.tsp,4,103,NA,256,2000,0.03,2,9438,NA,NA,NA,ok,
cuda_ga_b3_shuffle,build/CUDA-GA-B3-shuffle,GPU-Pop B1+B2+B3-shuffle,data/berlin52.tsp,4,103,NA,256,2000,0.03,2,9438,NA,NA,NA,ok,
cuda_ga_b4_global,build/CUDA-GA-B4-global,GPU-Pop B1+B2+B3-shuffle+B4-global,data/berlin52.tsp,4,103,NA,256,2000,0.03,2,9438,NA,NA,NA,ok,
cuda_ga_b5_bigpop,build/CUDA-GA-B5-bigpop,GPU-Pop B5-bigpop,data/berlin52.tsp,4,103,NA,256,2000,0.03,2,7542,NA,NA,NA,ok,
cuda_ga_b4_smem,build/CUDA-GA-B4-smem,GPU-Pop B1+B2+B3-shuffle+B4-smem,data/berlin52.tsp,4,103,NA,256,2000,0.03,2,9438,NA,NA,NA,ok,
gpu_naive,build/GPU-Naive,gpu_naive,data/berlin52.tsp,5,104,NA,NA,NA,NA,NA,8181,NA,NA,NA,ok,
cuda_ga,build/CUDA-GA,cuda_ga,data/berlin52.tsp,5,104,512,NA,2000,0.03,4,8076,NA,NA,NA,ok,
cuda_ga_gpu_pop,build/CUDA-GA-GPU-Pop,GPU-Pop Control,data/berlin52.tsp,5,104,NA,256,2000,0.03,2,9269,330.932,2000,no,ok,
cuda_ga_gpu_pop_bankconflict,build/CUDA-GA-GPU-Pop-bankconflict,GPU-Pop Bank-Conflict Variant,data/berlin52.tsp,5,104,NA,256,2000,0.03,2,9269,331.621,2000,no,ok,
cuda_ga_gpu_pop_bitset,build/CUDA-GA-GPU-Pop-bitset,GPU-Pop Bitset Variant,data/berlin52.tsp,5,104,NA,256,2000,0.03,2,9269,283.872,2000,no,ok,
cuda_ga_gpu_pop_parallel_sort,build/GA-GPU-POP-ParallelSort,GA-GPU-POP-ParallelSort,data/berlin52.tsp,5,104,NA,256,2000,0.03,2,9169,NA,NA,NA,ok,
cuda_ga_gpu_pop_aos,build/GA-GPU-POP-AoS,GA-GPU-POP-AoS,data/berlin52.tsp,5,104,NA,256,2000,0.03,2,9269,NA,NA,NA,ok,
cuda_ga_gpu_pop_global_dist,build/GA-GPU-POP-GlobalDist,GA-GPU-POP-GlobalDist,data/berlin52.tsp,5,104,NA,256,2000,0.03,2,9269,279.797,2000,no,ok,
cuda_ga_gpu_pop_verbose_comments,build/GA-GPU-POP-VerboseComments,GA-GPU-POP-VerboseComments,data/berlin52.tsp,5,104,NA,256,2000,0.03,2,9269,NA,NA,NA,ok,
cuda_ga_b1_stride,build/CUDA-GA-B1-stride,GPU-Pop B1-stride,data/berlin52.tsp,5,104,NA,256,2000,0.03,2,9261,NA,NA,NA,ok,
cuda_ga_b2_bitmask,build/CUDA-GA-B2-bitmask,GPU-Pop B1+B2,data/berlin52.tsp,5,104,NA,256,2000,0.03,2,9261,NA,NA,NA,ok,
cuda_ga_b3_reduce,build/CUDA-GA-B3-reduce,GPU-Pop B1+B2+B3-reduce,data/berlin52.tsp,5,104,NA,256,2000,0.03,2,9261,NA,NA,NA,ok,
cuda_ga_b3_shuffle,build/CUDA-GA-B3-shuffle,GPU-Pop B1+B2+B3-shuffle,data/berlin52.tsp,5,104,NA,256,2000,0.03,2,9261,NA,NA,NA,ok,
cuda_ga_b4_global,build/CUDA-GA-B4-global,GPU-Pop B1+B2+B3-shuffle+B4-global,data/berlin52.tsp,5,104,NA,256,2000,0.03,2,9261,NA,NA,NA,ok,
cuda_ga_b5_bigpop,build/CUDA-GA-B5-bigpop,GPU-Pop B5-bigpop,data/berlin52.tsp,5,104,NA,256,2000,0.03,2,7542,NA,NA,NA,ok,
cuda_ga_b4_smem,build/CUDA-GA-B4-smem,GPU-Pop B1+B2+B3-shuffle+B4-smem,data/berlin52.tsp,5,104,NA,256,2000,0.03,2,9261,NA,NA,NA,ok,
gpu_naive,build/GPU-Naive,gpu_naive,data/berlin52.tsp,6,105,NA,NA,NA,NA,NA,8181,NA,NA,NA,ok,
cuda_ga,build/CUDA-GA,cuda_ga,data/berlin52.tsp,6,105,512,NA,2000,0.03,4,7640,NA,NA,NA,ok,
cuda_ga_gpu_pop,build/CUDA-GA-GPU-Pop,GPU-Pop Control,data/berlin52.tsp,6,105,NA,256,2000,0.03,2,9130,335.727,2000,no,ok,
cuda_ga_gpu_pop_bankconflict,build/CUDA-GA-GPU-Pop-bankconflict,GPU-Pop Bank-Conflict Variant,data/berlin52.tsp,6,105,NA,256,2000,0.03,2,9130,331.209,2000,no,ok,
cuda_ga_gpu_pop_bitset,build/CUDA-GA-GPU-Pop-bitset,GPU-Pop Bitset Variant,data/berlin52.tsp,6,105,NA,256,2000,0.03,2,9130,283.914,2000,no,ok,
cuda_ga_gpu_pop_parallel_sort,build/GA-GPU-POP-ParallelSort,GA-GPU-POP-ParallelSort,data/berlin52.tsp,6,105,NA,256,2000,0.03,2,9057,NA,NA,NA,ok,
cuda_ga_gpu_pop_aos,build/GA-GPU-POP-AoS,GA-GPU-POP-AoS,data/berlin52.tsp,6,105,NA,256,2000,0.03,2,9130,NA,NA,NA,ok,
cuda_ga_gpu_pop_global_dist,build/GA-GPU-POP-GlobalDist,GA-GPU-POP-GlobalDist,data/berlin52.tsp,6,105,NA,256,2000,0.03,2,9130,280.16,2000,no,ok,
cuda_ga_gpu_pop_verbose_comments,build/GA-GPU-POP-VerboseComments,GA-GPU-POP-VerboseComments,data/berlin52.tsp,6,105,NA,256,2000,0.03,2,9130,NA,NA,NA,ok,
cuda_ga_b1_stride,build/CUDA-GA-B1-stride,GPU-Pop B1-stride,data/berlin52.tsp,6,105,NA,256,2000,0.03,2,9299,NA,NA,NA,ok,
cuda_ga_b2_bitmask,build/CUDA-GA-B2-bitmask,GPU-Pop B1+B2,data/berlin52.tsp,6,105,NA,256,2000,0.03,2,9299,NA,NA,NA,ok,
cuda_ga_b3_reduce,build/CUDA-GA-B3-reduce,GPU-Pop B1+B2+B3-reduce,data/berlin52.tsp,6,105,NA,256,2000,0.03,2,9299,NA,NA,NA,ok,
cuda_ga_b3_shuffle,build/CUDA-GA-B3-shuffle,GPU-Pop B1+B2+B3-shuffle,data/berlin52.tsp,6,105,NA,256,2000,0.03,2,9299,NA,NA,NA,ok,
cuda_ga_b4_global,build/CUDA-GA-B4-global,GPU-Pop B1+B2+B3-shuffle+B4-global,data/berlin52.tsp,6,105,NA,256,2000,0.03,2,9299,NA,NA,NA,ok,
cuda_ga_b5_bigpop,build/CUDA-GA-B5-bigpop,GPU-Pop B5-bigpop,data/berlin52.tsp,6,105,NA,256,2000,0.03,2,7542,NA,NA,NA,ok,
cuda_ga_b4_smem,build/CUDA-GA-B4-smem,GPU-Pop B1+B2+B3-shuffle+B4-smem,data/berlin52.tsp,6,105,NA,256,2000,0.03,2,9299,NA,NA,NA,ok,
gpu_naive,build/GPU-Naive,gpu_naive,data/berlin52.tsp,7,106,NA,NA,NA,NA,NA,8181,NA,NA,NA,ok,
cuda_ga,build/CUDA-GA,cuda_ga,data/berlin52.tsp,7,106,512,NA,2000,0.03,4,7640,NA,NA,NA,ok,
cuda_ga_gpu_pop,build/CUDA-GA-GPU-Pop,GPU-Pop Control,data/berlin52.tsp,7,106,NA,256,2000,0.03,2,9161,333.55,2000,no,ok,
cuda_ga_gpu_pop_bankconflict,build/CUDA-GA-GPU-Pop-bankconflict,GPU-Pop Bank-Conflict Variant,data/berlin52.tsp,7,106,NA,256,2000,0.03,2,9161,330.066,2000,no,ok,
cuda_ga_gpu_pop_bitset,build/CUDA-GA-GPU-Pop-bitset,GPU-Pop Bitset Variant,data/berlin52.tsp,7,106,NA,256,2000,0.03,2,9161,284.394,2000,no,ok,
cuda_ga_gpu_pop_parallel_sort,build/GA-GPU-POP-ParallelSort,GA-GPU-POP-ParallelSort,data/berlin52.tsp,7,106,NA,256,2000,0.03,2,8836,NA,NA,NA,ok,
cuda_ga_gpu_pop_aos,build/GA-GPU-POP-AoS,GA-GPU-POP-AoS,data/berlin52.tsp,7,106,NA,256,2000,0.03,2,9161,NA,NA,NA,ok,
cuda_ga_gpu_pop_global_dist,build/GA-GPU-POP-GlobalDist,GA-GPU-POP-GlobalDist,data/berlin52.tsp,7,106,NA,256,2000,0.03,2,9161,279.225,2000,no,ok,
cuda_ga_gpu_pop_verbose_comments,build/GA-GPU-POP-VerboseComments,GA-GPU-POP-VerboseComments,data/berlin52.tsp,7,106,NA,256,2000,0.03,2,9161,NA,NA,NA,ok,
cuda_ga_b1_stride,build/CUDA-GA-B1-stride,GPU-Pop B1-stride,data/berlin52.tsp,7,106,NA,256,2000,0.03,2,9392,NA,NA,NA,ok,
cuda_ga_b2_bitmask,build/CUDA-GA-B2-bitmask,GPU-Pop B1+B2,data/berlin52.tsp,7,106,NA,256,2000,0.03,2,9392,NA,NA,NA,ok,
cuda_ga_b3_reduce,build/CUDA-GA-B3-reduce,GPU-Pop B1+B2+B3-reduce,data/berlin52.tsp,7,106,NA,256,2000,0.03,2,9392,NA,NA,NA,ok,
cuda_ga_b3_shuffle,build/CUDA-GA-B3-shuffle,GPU-Pop B1+B2+B3-shuffle,data/berlin52.tsp,7,106,NA,256,2000,0.03,2,9392,NA,NA,NA,ok,
cuda_ga_b4_global,build/CUDA-GA-B4-global,GPU-Pop B1+B2+B3-shuffle+B4-global,data/berlin52.tsp,7,106,NA,256,2000,0.03,2,9392,NA,NA,NA,ok,
cuda_ga_b5_bigpop,build/CUDA-GA-B5-bigpop,GPU-Pop B5-bigpop,data/berlin52.tsp,7,106,NA,256,2000,0.03,2,7542,NA,NA,NA,ok,
cuda_ga_b4_smem,build/CUDA-GA-B4-smem,GPU-Pop B1+B2+B3-shuffle+B4-smem,data/berlin52.tsp,7,106,NA,256,2000,0.03,2,9392,NA,NA,NA,ok,
gpu_naive,build/GPU-Naive,gpu_naive,data/berlin52.tsp,8,107,NA,NA,NA,NA,NA,8181,NA,NA,NA,ok,
cuda_ga,build/CUDA-GA,cuda_ga,data/berlin52.tsp,8,107,512,NA,2000,0.03,4,8106,NA,NA,NA,ok,
cuda_ga_gpu_pop,build/CUDA-GA-GPU-Pop,GPU-Pop Control,data/berlin52.tsp,8,107,NA,256,2000,0.03,2,9411,334.074,2000,no,ok,
cuda_ga_gpu_pop_bankconflict,build/CUDA-GA-GPU-Pop-bankconflict,GPU-Pop Bank-Conflict Variant,data/berlin52.tsp,8,107,NA,256,2000,0.03,2,9411,331.534,2000,no,ok,
cuda_ga_gpu_pop_bitset,build/CUDA-GA-GPU-Pop-bitset,GPU-Pop Bitset Variant,data/berlin52.tsp,8,107,NA,256,2000,0.03,2,9411,284.218,2000,no,ok,
cuda_ga_gpu_pop_parallel_sort,build/GA-GPU-POP-ParallelSort,GA-GPU-POP-ParallelSort,data/berlin52.tsp,8,107,NA,256,2000,0.03,2,9419,NA,NA,NA,ok,
cuda_ga_gpu_pop_aos,build/GA-GPU-POP-AoS,GA-GPU-POP-AoS,data/berlin52.tsp,8,107,NA,256,2000,0.03,2,9411,NA,NA,NA,ok,
cuda_ga_gpu_pop_global_dist,build/GA-GPU-POP-GlobalDist,GA-GPU-POP-GlobalDist,data/berlin52.tsp,8,107,NA,256,2000,0.03,2,9411,279.976,2000,no,ok,
cuda_ga_gpu_pop_verbose_comments,build/GA-GPU-POP-VerboseComments,GA-GPU-POP-VerboseComments,data/berlin52.tsp,8,107,NA,256,2000,0.03,2,9411,NA,NA,NA,ok,
cuda_ga_b1_stride,build/CUDA-GA-B1-stride,GPU-Pop B1-stride,data/berlin52.tsp,8,107,NA,256,2000,0.03,2,9303,NA,NA,NA,ok,
cuda_ga_b2_bitmask,build/CUDA-GA-B2-bitmask,GPU-Pop B1+B2,data/berlin52.tsp,8,107,NA,256,2000,0.03,2,9303,NA,NA,NA,ok,
cuda_ga_b3_reduce,build/CUDA-GA-B3-reduce,GPU-Pop B1+B2+B3-reduce,data/berlin52.tsp,8,107,NA,256,2000,0.03,2,9303,NA,NA,NA,ok,
cuda_ga_b3_shuffle,build/CUDA-GA-B3-shuffle,GPU-Pop B1+B2+B3-shuffle,data/berlin52.tsp,8,107,NA,256,2000,0.03,2,9303,NA,NA,NA,ok,
cuda_ga_b4_global,build/CUDA-GA-B4-global,GPU-Pop B1+B2+B3-shuffle+B4-global,data/berlin52.tsp,8,107,NA,256,2000,0.03,2,9303,NA,NA,NA,ok,
cuda_ga_b5_bigpop,build/CUDA-GA-B5-bigpop,GPU-Pop B5-bigpop,data/berlin52.tsp,8,107,NA,256,2000,0.03,2,7542,NA,NA,NA,ok,
cuda_ga_b4_smem,build/CUDA-GA-B4-smem,GPU-Pop B1+B2+B3-shuffle+B4-smem,data/berlin52.tsp,8,107,NA,256,2000,0.03,2,9303,NA,NA,NA,ok,
gpu_naive,build/GPU-Naive,gpu_naive,data/berlin52.tsp,9,108,NA,NA,NA,NA,NA,8181,NA,NA,NA,ok,
cuda_ga,build/CUDA-GA,cuda_ga,data/berlin52.tsp,9,108,512,NA,2000,0.03,4,8106,NA,NA,NA,ok,
cuda_ga_gpu_pop,build/CUDA-GA-GPU-Pop,GPU-Pop Control,data/berlin52.tsp,9,108,NA,256,2000,0.03,2,9071,334.653,2000,no,ok,
cuda_ga_gpu_pop_bankconflict,build/CUDA-GA-GPU-Pop-bankconflict,GPU-Pop Bank-Conflict Variant,data/berlin52.tsp,9,108,NA,256,2000,0.03,2,9071,330.408,2000,no,ok,
cuda_ga_gpu_pop_bitset,build/CUDA-GA-GPU-Pop-bitset,GPU-Pop Bitset Variant,data/berlin52.tsp,9,108,NA,256,2000,0.03,2,9071,283.419,2000,no,ok,
cuda_ga_gpu_pop_parallel_sort,build/GA-GPU-POP-ParallelSort,GA-GPU-POP-ParallelSort,data/berlin52.tsp,9,108,NA,256,2000,0.03,2,8889,NA,NA,NA,ok,
cuda_ga_gpu_pop_aos,build/GA-GPU-POP-AoS,GA-GPU-POP-AoS,data/berlin52.tsp,9,108,NA,256,2000,0.03,2,9071,NA,NA,NA,ok,
cuda_ga_gpu_pop_global_dist,build/GA-GPU-POP-GlobalDist,GA-GPU-POP-GlobalDist,data/berlin52.tsp,9,108,NA,256,2000,0.03,2,9071,279.629,2000,no,ok,
cuda_ga_gpu_pop_verbose_comments,build/GA-GPU-POP-VerboseComments,GA-GPU-POP-VerboseComments,data/berlin52.tsp,9,108,NA,256,2000,0.03,2,9071,NA,NA,NA,ok,
cuda_ga_b1_stride,build/CUDA-GA-B1-stride,GPU-Pop B1-stride,data/berlin52.tsp,9,108,NA,256,2000,0.03,2,8777,NA,NA,NA,ok,
cuda_ga_b2_bitmask,build/CUDA-GA-B2-bitmask,GPU-Pop B1+B2,data/berlin52.tsp,9,108,NA,256,2000,0.03,2,8777,NA,NA,NA,ok,
cuda_ga_b3_reduce,build/CUDA-GA-B3-reduce,GPU-Pop B1+B2+B3-reduce,data/berlin52.tsp,9,108,NA,256,2000,0.03,2,8777,NA,NA,NA,ok,
cuda_ga_b3_shuffle,build/CUDA-GA-B3-shuffle,GPU-Pop B1+B2+B3-shuffle,data/berlin52.tsp,9,108,NA,256,2000,0.03,2,8777,NA,NA,NA,ok,
cuda_ga_b4_global,build/CUDA-GA-B4-global,GPU-Pop B1+B2+B3-shuffle+B4-global,data/berlin52.tsp,9,108,NA,256,2000,0.03,2,8777,NA,NA,NA,ok,
cuda_ga_b5_bigpop,build/CUDA-GA-B5-bigpop,GPU-Pop B5-bigpop,data/berlin52.tsp,9,108,NA,256,2000,0.03,2,7542,NA,NA,NA,ok,
cuda_ga_b4_smem,build/CUDA-GA-B4-smem,GPU-Pop B1+B2+B3-shuffle+B4-smem,data/berlin52.tsp,9,108,NA,256,2000,0.03,2,8777,NA,NA,NA,ok,
gpu_naive,build/GPU-Naive,gpu_naive,data/berlin52.tsp,10,109,NA,NA,NA,NA,NA,8181,NA,NA,NA,ok,
cuda_ga,build/CUDA-GA,cuda_ga,data/berlin52.tsp,10,109,512,NA,2000,0.03,4,8080,NA,NA,NA,ok,
cuda_ga_gpu_pop,build/CUDA-GA-GPU-Pop,GPU-Pop Control,data/berlin52.tsp,10,109,NA,256,2000,0.03,2,9039,333.418,2000,no,ok,
cuda_ga_gpu_pop_bankconflict,build/CUDA-GA-GPU-Pop-bankconflict,GPU-Pop Bank-Conflict Variant,data/berlin52.tsp,10,109,NA,256,2000,0.03,2,9039,332.125,2000,no,ok,
cuda_ga_gpu_pop_bitset,build/CUDA-GA-GPU-Pop-bitset,GPU-Pop Bitset Variant,data/berlin52.tsp,10,109,NA,256,2000,0.03,2,9039,284.199,2000,no,ok,
cuda_ga_gpu_pop_parallel_sort,build/GA-GPU-POP-ParallelSort,GA-GPU-POP-ParallelSort,data/berlin52.tsp,10,109,NA,256,2000,0.03,2,9039,NA,NA,NA,ok,
cuda_ga_gpu_pop_aos,build/GA-GPU-POP-AoS,GA-GPU-POP-AoS,data/berlin52.tsp,10,109,NA,256,2000,0.03,2,9039,NA,NA,NA,ok,
cuda_ga_gpu_pop_global_dist,build/GA-GPU-POP-GlobalDist,GA-GPU-POP-GlobalDist,data/berlin52.tsp,10,109,NA,256,2000,0.03,2,9039,279.701,2000,no,ok,
cuda_ga_gpu_pop_verbose_comments,build/GA-GPU-POP-VerboseComments,GA-GPU-POP-VerboseComments,data/berlin52.tsp,10,109,NA,256,2000,0.03,2,9039,NA,NA,NA,ok,
cuda_ga_b1_stride,build/CUDA-GA-B1-stride,GPU-Pop B1-stride,data/berlin52.tsp,10,109,NA,256,2000,0.03,2,9190,NA,NA,NA,ok,
cuda_ga_b2_bitmask,build/CUDA-GA-B2-bitmask,GPU-Pop B1+B2,data/berlin52.tsp,10,109,NA,256,2000,0.03,2,9190,NA,NA,NA,ok,
cuda_ga_b3_reduce,build/CUDA-GA-B3-reduce,GPU-Pop B1+B2+B3-reduce,data/berlin52.tsp,10,109,NA,256,2000,0.03,2,9190,NA,NA,NA,ok,
cuda_ga_b3_shuffle,build/CUDA-GA-B3-shuffle,GPU-Pop B1+B2+B3-shuffle,data/berlin52.tsp,10,109,NA,256,2000,0.03,2,9190,NA,NA,NA,ok,
cuda_ga_b4_global,build/CUDA-GA-B4-global,GPU-Pop B1+B2+B3-shuffle+B4-global,data/berlin52.tsp,10,109,NA,256,2000,0.03,2,9190,NA,NA,NA,ok,
cuda_ga_b5_bigpop,build/CUDA-GA-B5-bigpop,GPU-Pop B5-bigpop,data/berlin52.tsp,10,109,NA,256,2000,0.03,2,7542,NA,NA,NA,ok,
cuda_ga_b4_smem,build/CUDA-GA-B4-smem,GPU-Pop B1+B2+B3-shuffle+B4-smem,data/berlin52.tsp,10,109,NA,256,2000,0.03,2,9190,NA,NA,NA,ok,
gpu_naive,build/GPU-Naive,gpu_naive,data/berlin52.tsp,11,110,NA,NA,NA,NA,NA,8181,NA,NA,NA,ok,
cuda_ga,build/CUDA-GA,cuda_ga,data/berlin52.tsp,11,110,512,NA,2000,0.03,4,8076,NA,NA,NA,ok,
cuda_ga_gpu_pop,build/CUDA-GA-GPU-Pop,GPU-Pop Control,data/berlin52.tsp,11,110,NA,256,2000,0.03,2,9055,333.479,2000,no,ok,
cuda_ga_gpu_pop_bankconflict,build/CUDA-GA-GPU-Pop-bankconflict,GPU-Pop Bank-Conflict Variant,data/berlin52.tsp,11,110,NA,256,2000,0.03,2,9055,329.728,2000,no,ok,
cuda_ga_gpu_pop_bitset,build/CUDA-GA-GPU-Pop-bitset,GPU-Pop Bitset Variant,data/berlin52.tsp,11,110,NA,256,2000,0.03,2,9055,284.442,2000,no,ok,
cuda_ga_gpu_pop_parallel_sort,build/GA-GPU-POP-ParallelSort,GA-GPU-POP-ParallelSort,data/berlin52.tsp,11,110,NA,256,2000,0.03,2,9059,NA,NA,NA,ok,
cuda_ga_gpu_pop_aos,build/GA-GPU-POP-AoS,GA-GPU-POP-AoS,data/berlin52.tsp,11,110,NA,256,2000,0.03,2,9055,NA,NA,NA,ok,
cuda_ga_gpu_pop_global_dist,build/GA-GPU-POP-GlobalDist,GA-GPU-POP-GlobalDist,data/berlin52.tsp,11,110,NA,256,2000,0.03,2,9055,279.586,2000,no,ok,
cuda_ga_gpu_pop_verbose_comments,build/GA-GPU-POP-VerboseComments,GA-GPU-POP-VerboseComments,data/berlin52.tsp,11,110,NA,256,2000,0.03,2,9055,NA,NA,NA,ok,
cuda_ga_b1_stride,build/CUDA-GA-B1-stride,GPU-Pop B1-stride,data/berlin52.tsp,11,110,NA,256,2000,0.03,2,9577,NA,NA,NA,ok,
cuda_ga_b2_bitmask,build/CUDA-GA-B2-bitmask,GPU-Pop B1+B2,data/berlin52.tsp,11,110,NA,256,2000,0.03,2,9577,NA,NA,NA,ok,
cuda_ga_b3_reduce,build/CUDA-GA-B3-reduce,GPU-Pop B1+B2+B3-reduce,data/berlin52.tsp,11,110,NA,256,2000,0.03,2,9577,NA,NA,NA,ok,
cuda_ga_b3_shuffle,build/CUDA-GA-B3-shuffle,GPU-Pop B1+B2+B3-shuffle,data/berlin52.tsp,11,110,NA,256,2000,0.03,2,9577,NA,NA,NA,ok,
cuda_ga_b4_global,build/CUDA-GA-B4-global,GPU-Pop B1+B2+B3-shuffle+B4-global,data/berlin52.tsp,11,110,NA,256,2000,0.03,2,9577,NA,NA,NA,ok,
cuda_ga_b5_bigpop,build/CUDA-GA-B5-bigpop,GPU-Pop B5-bigpop,data/berlin52.tsp,11,110,NA,256,2000,0.03,2,7542,NA,NA,NA,ok,
cuda_ga_b4_smem,build/CUDA-GA-B4-smem,GPU-Pop B1+B2+B3-shuffle+B4-smem,data/berlin52.tsp,11,110,NA,256,2000,0.03,2,9577,NA,NA,NA,ok,
gpu_naive,build/GPU-Naive,gpu_naive,data/berlin52.tsp,12,111,NA,NA,NA,NA,NA,8181,NA,NA,NA,ok,
cuda_ga,build/CUDA-GA,cuda_ga,data/berlin52.tsp,12,111,512,NA,2000,0.03,4,7951,NA,NA,NA,ok,
cuda_ga_gpu_pop,build/CUDA-GA-GPU-Pop,GPU-Pop Control,data/berlin52.tsp,12,111,NA,256,2000,0.03,2,9165,333.661,2000,no,ok,
cuda_ga_gpu_pop_bankconflict,build/CUDA-GA-GPU-Pop-bankconflict,GPU-Pop Bank-Conflict Variant,data/berlin52.tsp,12,111,NA,256,2000,0.03,2,9165,327.868,2000,no,ok,
cuda_ga_gpu_pop_bitset,build/CUDA-GA-GPU-Pop-bitset,GPU-Pop Bitset Variant,data/berlin52.tsp,12,111,NA,256,2000,0.03,2,9165,284.124,2000,no,ok,
cuda_ga_gpu_pop_parallel_sort,build/GA-GPU-POP-ParallelSort,GA-GPU-POP-ParallelSort,data/berlin52.tsp,12,111,NA,256,2000,0.03,2,9143,NA,NA,NA,ok,
cuda_ga_gpu_pop_aos,build/GA-GPU-POP-AoS,GA-GPU-POP-AoS,data/berlin52.tsp,12,111,NA,256,2000,0.03,2,9165,NA,NA,NA,ok,
cuda_ga_gpu_pop_global_dist,build/GA-GPU-POP-GlobalDist,GA-GPU-POP-GlobalDist,data/berlin52.tsp,12,111,NA,256,2000,0.03,2,9165,280.049,2000,no,ok,
cuda_ga_gpu_pop_verbose_comments,build/GA-GPU-POP-VerboseComments,GA-GPU-POP-VerboseComments,data/berlin52.tsp,12,111,NA,256,2000,0.03,2,9165,NA,NA,NA,ok,
cuda_ga_b1_stride,build/CUDA-GA-B1-stride,GPU-Pop B1-stride,data/berlin52.tsp,12,111,NA,256,2000,0.03,2,9473,NA,NA,NA,ok,
cuda_ga_b2_bitmask,build/CUDA-GA-B2-bitmask,GPU-Pop B1+B2,data/berlin52.tsp,12,111,NA,256,2000,0.03,2,9473,NA,NA,NA,ok,
cuda_ga_b3_reduce,build/CUDA-GA-B3-reduce,GPU-Pop B1+B2+B3-reduce,data/berlin52.tsp,12,111,NA,256,2000,0.03,2,9473,NA,NA,NA,ok,
cuda_ga_b3_shuffle,build/CUDA-GA-B3-shuffle,GPU-Pop B1+B2+B3-shuffle,data/berlin52.tsp,12,111,NA,256,2000,0.03,2,9473,NA,NA,NA,ok,
cuda_ga_b4_global,build/CUDA-GA-B4-global,GPU-Pop B1+B2+B3-shuffle+B4-global,data/berlin52.tsp,12,111,NA,256,2000,0.03,2,9473,NA,NA,NA,ok,
cuda_ga_b5_bigpop,build/CUDA-GA-B5-bigpop,GPU-Pop B5-bigpop,data/berlin52.tsp,12,111,NA,256,2000,0.03,2,7542,NA,NA,NA,ok,
cuda_ga_b4_smem,build/CUDA-GA-B4-smem,GPU-Pop B1+B2+B3-shuffle+B4-smem,data/berlin52.tsp,12,111,NA,256,2000,0.03,2,9473,NA,NA,NA,ok,
gpu_naive,build/GPU-Naive,gpu_naive,data/berlin52.tsp,13,112,NA,NA,NA,NA,NA,8181,NA,NA,NA,ok,
cuda_ga,build/CUDA-GA,cuda_ga,data/berlin52.tsp,13,112,512,NA,2000,0.03,4,7640,NA,NA,NA,ok,
cuda_ga_gpu_pop,build/CUDA-GA-GPU-Pop,GPU-Pop Control,data/berlin52.tsp,13,112,NA,256,2000,0.03,2,9226,334.22,2000,no,ok,
cuda_ga_gpu_pop_bankconflict,build/CUDA-GA-GPU-Pop-bankconflict,GPU-Pop Bank-Conflict Variant,data/berlin52.tsp,13,112,NA,256,2000,0.03,2,9226,329.84,2000,no,ok,
cuda_ga_gpu_pop_bitset,build/CUDA-GA-GPU-Pop-bitset,GPU-Pop Bitset Variant,data/berlin52.tsp,13,112,NA,256,2000,0.03,2,9226,283.97,2000,no,ok,
cuda_ga_gpu_pop_parallel_sort,build/GA-GPU-POP-ParallelSort,GA-GPU-POP-ParallelSort,data/berlin52.tsp,13,112,NA,256,2000,0.03,2,9155,NA,NA,NA,ok,
cuda_ga_gpu_pop_aos,build/GA-GPU-POP-AoS,GA-GPU-POP-AoS,data/berlin52.tsp,13,112,NA,256,2000,0.03,2,9226,NA,NA,NA,ok,
cuda_ga_gpu_pop_global_dist,build/GA-GPU-POP-GlobalDist,GA-GPU-POP-GlobalDist,data/berlin52.tsp,13,112,NA,256,2000,0.03,2,9226,280.167,2000,no,ok,
cuda_ga_gpu_pop_verbose_comments,build/GA-GPU-POP-VerboseComments,GA-GPU-POP-VerboseComments,data/berlin52.tsp,13,112,NA,256,2000,0.03,2,9226,NA,NA,NA,ok,
cuda_ga_b1_stride,build/CUDA-GA-B1-stride,GPU-Pop B1-stride,data/berlin52.tsp,13,112,NA,256,2000,0.03,2,8965,NA,NA,NA,ok,
cuda_ga_b2_bitmask,build/CUDA-GA-B2-bitmask,GPU-Pop B1+B2,data/berlin52.tsp,13,112,NA,256,2000,0.03,2,8965,NA,NA,NA,ok,
cuda_ga_b3_reduce,build/CUDA-GA-B3-reduce,GPU-Pop B1+B2+B3-reduce,data/berlin52.tsp,13,112,NA,256,2000,0.03,2,8965,NA,NA,NA,ok,
cuda_ga_b3_shuffle,build/CUDA-GA-B3-shuffle,GPU-Pop B1+B2+B3-shuffle,data/berlin52.tsp,13,112,NA,256,2000,0.03,2,8965,NA,NA,NA,ok,
cuda_ga_b4_global,build/CUDA-GA-B4-global,GPU-Pop B1+B2+B3-shuffle+B4-global,data/berlin52.tsp,13,112,NA,256,2000,0.03,2,8965,NA,NA,NA,ok,
cuda_ga_b5_bigpop,build/CUDA-GA-B5-bigpop,GPU-Pop B5-bigpop,data/berlin52.tsp,13,112,NA,256,2000,0.03,2,7542,NA,NA,NA,ok,
cuda_ga_b4_smem,build/CUDA-GA-B4-smem,GPU-Pop B1+B2+B3-shuffle+B4-smem,data/berlin52.tsp,13,112,NA,256,2000,0.03,2,8965,NA,NA,NA,ok,
gpu_naive,build/GPU-Naive,gpu_naive,data/berlin52.tsp,14,113,NA,NA,NA,NA,NA,8181,NA,NA,NA,ok,
cuda_ga,build/CUDA-GA,cuda_ga,data/berlin52.tsp,14,113,512,NA,2000,0.03,4,7717,NA,NA,NA,ok,
cuda_ga_gpu_pop,build/CUDA-GA-GPU-Pop,GPU-Pop Control,data/berlin52.tsp,14,113,NA,256,2000,0.03,2,9117,332.028,2000,no,ok,
cuda_ga_gpu_pop_bankconflict,build/CUDA-GA-GPU-Pop-bankconflict,GPU-Pop Bank-Conflict Variant,data/berlin52.tsp,14,113,NA,256,2000,0.03,2,9117,334.176,2000,no,ok,
cuda_ga_gpu_pop_bitset,build/CUDA-GA-GPU-Pop-bitset,GPU-Pop Bitset Variant,data/berlin52.tsp,14,113,NA,256,2000,0.03,2,9117,284.402,2000,no,ok,
cuda_ga_gpu_pop_parallel_sort,build/GA-GPU-POP-ParallelSort,GA-GPU-POP-ParallelSort,data/berlin52.tsp,14,113,NA,256,2000,0.03,2,9117,NA,NA,NA,ok,
cuda_ga_gpu_pop_aos,build/GA-GPU-POP-AoS,GA-GPU-POP-AoS,data/berlin52.tsp,14,113,NA,256,2000,0.03,2,9117,NA,NA,NA,ok,
cuda_ga_gpu_pop_global_dist,build/GA-GPU-POP-GlobalDist,GA-GPU-POP-GlobalDist,data/berlin52.tsp,14,113,NA,256,2000,0.03,2,9117,279.578,2000,no,ok,
cuda_ga_gpu_pop_verbose_comments,build/GA-GPU-POP-VerboseComments,GA-GPU-POP-VerboseComments,data/berlin52.tsp,14,113,NA,256,2000,0.03,2,9117,NA,NA,NA,ok,
cuda_ga_b1_stride,build/CUDA-GA-B1-stride,GPU-Pop B1-stride,data/berlin52.tsp,14,113,NA,256,2000,0.03,2,9098,NA,NA,NA,ok,
cuda_ga_b2_bitmask,build/CUDA-GA-B2-bitmask,GPU-Pop B1+B2,data/berlin52.tsp,14,113,NA,256,2000,0.03,2,9098,NA,NA,NA,ok,
cuda_ga_b3_reduce,build/CUDA-GA-B3-reduce,GPU-Pop B1+B2+B3-reduce,data/berlin52.tsp,14,113,NA,256,2000,0.03,2,9098,NA,NA,NA,ok,
cuda_ga_b3_shuffle,build/CUDA-GA-B3-shuffle,GPU-Pop B1+B2+B3-shuffle,data/berlin52.tsp,14,113,NA,256,2000,0.03,2,9098,NA,NA,NA,ok,
cuda_ga_b4_global,build/CUDA-GA-B4-global,GPU-Pop B1+B2+B3-shuffle+B4-global,data/berlin52.tsp,14,113,NA,256,2000,0.03,2,9098,NA,NA,NA,ok,
cuda_ga_b5_bigpop,build/CUDA-GA-B5-bigpop,GPU-Pop B5-bigpop,data/berlin52.tsp,14,113,NA,256,2000,0.03,2,7542,NA,NA,NA,ok,
cuda_ga_b4_smem,build/CUDA-GA-B4-smem,GPU-Pop B1+B2+B3-shuffle+B4-smem,data/berlin52.tsp,14,113,NA,256,2000,0.03,2,9098,NA,NA,NA,ok,
gpu_naive,build/GPU-Naive,gpu_naive,data/berlin52.tsp,15,114,NA,NA,NA,NA,NA,8181,NA,NA,NA,ok,
cuda_ga,build/CUDA-GA,cuda_ga,data/berlin52.tsp,15,114,512,NA,2000,0.03,4,7604,NA,NA,NA,ok,
cuda_ga_gpu_pop,build/CUDA-GA-GPU-Pop,GPU-Pop Control,data/berlin52.tsp,15,114,NA,256,2000,0.03,2,9100,332.127,2000,no,ok,
cuda_ga_gpu_pop_bankconflict,build/CUDA-GA-GPU-Pop-bankconflict,GPU-Pop Bank-Conflict Variant,data/berlin52.tsp,15,114,NA,256,2000,0.03,2,9100,330.661,2000,no,ok,
cuda_ga_gpu_pop_bitset,build/CUDA-GA-GPU-Pop-bitset,GPU-Pop Bitset Variant,data/berlin52.tsp,15,114,NA,256,2000,0.03,2,9100,283.924,2000,no,ok,
cuda_ga_gpu_pop_parallel_sort,build/GA-GPU-POP-ParallelSort,GA-GPU-POP-ParallelSort,data/berlin52.tsp,15,114,NA,256,2000,0.03,2,9202,NA,NA,NA,ok,
cuda_ga_gpu_pop_aos,build/GA-GPU-POP-AoS,GA-GPU-POP-AoS,data/berlin52.tsp,15,114,NA,256,2000,0.03,2,9100,NA,NA,NA,ok,
cuda_ga_gpu_pop_global_dist,build/GA-GPU-POP-GlobalDist,GA-GPU-POP-GlobalDist,data/berlin52.tsp,15,114,NA,256,2000,0.03,2,9100,279.534,2000,no,ok,
cuda_ga_gpu_pop_verbose_comments,build/GA-GPU-POP-VerboseComments,GA-GPU-POP-VerboseComments,data/berlin52.tsp,15,114,NA,256,2000,0.03,2,9100,NA,NA,NA,ok,
cuda_ga_b1_stride,build/CUDA-GA-B1-stride,GPU-Pop B1-stride,data/berlin52.tsp,15,114,NA,256,2000,0.03,2,9064,NA,NA,NA,ok,
cuda_ga_b2_bitmask,build/CUDA-GA-B2-bitmask,GPU-Pop B1+B2,data/berlin52.tsp,15,114,NA,256,2000,0.03,2,9064,NA,NA,NA,ok,
cuda_ga_b3_reduce,build/CUDA-GA-B3-reduce,GPU-Pop B1+B2+B3-reduce,data/berlin52.tsp,15,114,NA,256,2000,0.03,2,9064,NA,NA,NA,ok,
cuda_ga_b3_shuffle,build/CUDA-GA-B3-shuffle,GPU-Pop B1+B2+B3-shuffle,data/berlin52.tsp,15,114,NA,256,2000,0.03,2,9064,NA,NA,NA,ok,
cuda_ga_b4_global,build/CUDA-GA-B4-global,GPU-Pop B1+B2+B3-shuffle+B4-global,data/berlin52.tsp,15,114,NA,256,2000,0.03,2,9064,NA,NA,NA,ok,
cuda_ga_b5_bigpop,build/CUDA-GA-B5-bigpop,GPU-Pop B5-bigpop,data/berlin52.tsp,15,114,NA,256,2000,0.03,2,7542,NA,NA,NA,ok,
cuda_ga_b4_smem,build/CUDA-GA-B4-smem,GPU-Pop B1+B2+B3-shuffle+B4-smem,data/berlin52.tsp,15,114,NA,256,2000,0.03,2,9064,NA,NA,NA,ok,
gpu_naive,build/GPU-Naive,gpu_naive,data/berlin52.tsp,16,115,NA,NA,NA,NA,NA,8181,NA,NA,NA,ok,
cuda_ga,build/CUDA-GA,cuda_ga,data/berlin52.tsp,16,115,512,NA,2000,0.03,4,7640,NA,NA,NA,ok,
cuda_ga_gpu_pop,build/CUDA-GA-GPU-Pop,GPU-Pop Control,data/berlin52.tsp,16,115,NA,256,2000,0.03,2,9054,333.438,2000,no,ok,
cuda_ga_gpu_pop_bankconflict,build/CUDA-GA-GPU-Pop-bankconflict,GPU-Pop Bank-Conflict Variant,data/berlin52.tsp,16,115,NA,256,2000,0.03,2,9054,332.527,2000,no,ok,
cuda_ga_gpu_pop_bitset,build/CUDA-GA-GPU-Pop-bitset,GPU-Pop Bitset Variant,data/berlin52.tsp,16,115,NA,256,2000,0.03,2,9054,284.204,2000,no,ok,
cuda_ga_gpu_pop_parallel_sort,build/GA-GPU-POP-ParallelSort,GA-GPU-POP-ParallelSort,data/berlin52.tsp,16,115,NA,256,2000,0.03,2,9061,NA,NA,NA,ok,
cuda_ga_gpu_pop_aos,build/GA-GPU-POP-AoS,GA-GPU-POP-AoS,data/berlin52.tsp,16,115,NA,256,2000,0.03,2,9054,NA,NA,NA,ok,
cuda_ga_gpu_pop_global_dist,build/GA-GPU-POP-GlobalDist,GA-GPU-POP-GlobalDist,data/berlin52.tsp,16,115,NA,256,2000,0.03,2,9054,279.648,2000,no,ok,
cuda_ga_gpu_pop_verbose_comments,build/GA-GPU-POP-VerboseComments,GA-GPU-POP-VerboseComments,data/berlin52.tsp,16,115,NA,256,2000,0.03,2,9054,NA,NA,NA,ok,
cuda_ga_b1_stride,build/CUDA-GA-B1-stride,GPU-Pop B1-stride,data/berlin52.tsp,16,115,NA,256,2000,0.03,2,9206,NA,NA,NA,ok,
cuda_ga_b2_bitmask,build/CUDA-GA-B2-bitmask,GPU-Pop B1+B2,data/berlin52.tsp,16,115,NA,256,2000,0.03,2,9206,NA,NA,NA,ok,
cuda_ga_b3_reduce,build/CUDA-GA-B3-reduce,GPU-Pop B1+B2+B3-reduce,data/berlin52.tsp,16,115,NA,256,2000,0.03,2,9206,NA,NA,NA,ok,
cuda_ga_b3_shuffle,build/CUDA-GA-B3-shuffle,GPU-Pop B1+B2+B3-shuffle,data/berlin52.tsp,16,115,NA,256,2000,0.03,2,9206,NA,NA,NA,ok,
cuda_ga_b4_global,build/CUDA-GA-B4-global,GPU-Pop B1+B2+B3-shuffle+B4-global,data/berlin52.tsp,16,115,NA,256,2000,0.03,2,9206,NA,NA,NA,ok,
cuda_ga_b5_bigpop,build/CUDA-GA-B5-bigpop,GPU-Pop B5-bigpop,data/berlin52.tsp,16,115,NA,256,2000,0.03,2,7542,NA,NA,NA,ok,
cuda_ga_b4_smem,build/CUDA-GA-B4-smem,GPU-Pop B1+B2+B3-shuffle+B4-smem,data/berlin52.tsp,16,115,NA,256,2000,0.03,2,9206,NA,NA,NA,ok,
gpu_naive,build/GPU-Naive,gpu_naive,data/berlin52.tsp,17,116,NA,NA,NA,NA,NA,8181,NA,NA,NA,ok,
cuda_ga,build/CUDA-GA,cuda_ga,data/berlin52.tsp,17,116,512,NA,2000,0.03,4,7640,NA,NA,NA,ok,
cuda_ga_gpu_pop,build/CUDA-GA-GPU-Pop,GPU-Pop Control,data/berlin52.tsp,17,116,NA,256,2000,0.03,2,9093,333.46,2000,no,ok,
cuda_ga_gpu_pop_bankconflict,build/CUDA-GA-GPU-Pop-bankconflict,GPU-Pop Bank-Conflict Variant,data/berlin52.tsp,17,116,NA,256,2000,0.03,2,9093,330.086,2000,no,ok,
cuda_ga_gpu_pop_bitset,build/CUDA-GA-GPU-Pop-bitset,GPU-Pop Bitset Variant,data/berlin52.tsp,17,116,NA,256,2000,0.03,2,9093,283.924,2000,no,ok,
cuda_ga_gpu_pop_parallel_sort,build/GA-GPU-POP-ParallelSort,GA-GPU-POP-ParallelSort,data/berlin52.tsp,17,116,NA,256,2000,0.03,2,9093,NA,NA,NA,ok,
cuda_ga_gpu_pop_aos,build/GA-GPU-POP-AoS,GA-GPU-POP-AoS,data/berlin52.tsp,17,116,NA,256,2000,0.03,2,9093,NA,NA,NA,ok,
cuda_ga_gpu_pop_global_dist,build/GA-GPU-POP-GlobalDist,GA-GPU-POP-GlobalDist,data/berlin52.tsp,17,116,NA,256,2000,0.03,2,9093,279.843,2000,no,ok,
cuda_ga_gpu_pop_verbose_comments,build/GA-GPU-POP-VerboseComments,GA-GPU-POP-VerboseComments,data/berlin52.tsp,17,116,NA,256,2000,0.03,2,9093,NA,NA,NA,ok,
cuda_ga_b1_stride,build/CUDA-GA-B1-stride,GPU-Pop B1-stride,data/berlin52.tsp,17,116,NA,256,2000,0.03,2,9331,NA,NA,NA,ok,
cuda_ga_b2_bitmask,build/CUDA-GA-B2-bitmask,GPU-Pop B1+B2,data/berlin52.tsp,17,116,NA,256,2000,0.03,2,9331,NA,NA,NA,ok,
cuda_ga_b3_reduce,build/CUDA-GA-B3-reduce,GPU-Pop B1+B2+B3-reduce,data/berlin52.tsp,17,116,NA,256,2000,0.03,2,9331,NA,NA,NA,ok,
cuda_ga_b3_shuffle,build/CUDA-GA-B3-shuffle,GPU-Pop B1+B2+B3-shuffle,data/berlin52.tsp,17,116,NA,256,2000,0.03,2,9331,NA,NA,NA,ok,
cuda_ga_b4_global,build/CUDA-GA-B4-global,GPU-Pop B1+B2+B3-shuffle+B4-global,data/berlin52.tsp,17,116,NA,256,2000,0.03,2,9331,NA,NA,NA,ok,
cuda_ga_b5_bigpop,build/CUDA-GA-B5-bigpop,GPU-Pop B5-bigpop,data/berlin52.tsp,17,116,NA,256,2000,0.03,2,7542,NA,NA,NA,ok,
cuda_ga_b4_smem,build/CUDA-GA-B4-smem,GPU-Pop B1+B2+B3-shuffle+B4-smem,data/berlin52.tsp,17,116,NA,256,2000,0.03,2,9331,NA,NA,NA,ok,
gpu_naive,build/GPU-Naive,gpu_naive,data/berlin52.tsp,18,117,NA,NA,NA,NA,NA,8181,NA,NA,NA,ok,
cuda_ga,build/CUDA-GA,cuda_ga,data/berlin52.tsp,18,117,512,NA,2000,0.03,4,7640,NA,NA,NA,ok,
cuda_ga_gpu_pop,build/CUDA-GA-GPU-Pop,GPU-Pop Control,data/berlin52.tsp,18,117,NA,256,2000,0.03,2,9104,335.964,2000,no,ok,
cuda_ga_gpu_pop_bankconflict,build/CUDA-GA-GPU-Pop-bankconflict,GPU-Pop Bank-Conflict Variant,data/berlin52.tsp,18,117,NA,256,2000,0.03,2,9104,333.734,2000,no,ok,
cuda_ga_gpu_pop_bitset,build/CUDA-GA-GPU-Pop-bitset,GPU-Pop Bitset Variant,data/berlin52.tsp,18,117,NA,256,2000,0.03,2,9104,284.225,2000,no,ok,
cuda_ga_gpu_pop_parallel_sort,build/GA-GPU-POP-ParallelSort,GA-GPU-POP-ParallelSort,data/berlin52.tsp,18,117,NA,256,2000,0.03,2,9174,NA,NA,NA,ok,
cuda_ga_gpu_pop_aos,build/GA-GPU-POP-AoS,GA-GPU-POP-AoS,data/berlin52.tsp,18,117,NA,256,2000,0.03,2,9104,NA,NA,NA,ok,
cuda_ga_gpu_pop_global_dist,build/GA-GPU-POP-GlobalDist,GA-GPU-POP-GlobalDist,data/berlin52.tsp,18,117,NA,256,2000,0.03,2,9104,279.891,2000,no,ok,
cuda_ga_gpu_pop_verbose_comments,build/GA-GPU-POP-VerboseComments,GA-GPU-POP-VerboseComments,data/berlin52.tsp,18,117,NA,256,2000,0.03,2,9104,NA,NA,NA,ok,
cuda_ga_b1_stride,build/CUDA-GA-B1-stride,GPU-Pop B1-stride,data/berlin52.tsp,18,117,NA,256,2000,0.03,2,9406,NA,NA,NA,ok,
cuda_ga_b2_bitmask,build/CUDA-GA-B2-bitmask,GPU-Pop B1+B2,data/berlin52.tsp,18,117,NA,256,2000,0.03,2,9406,NA,NA,NA,ok,
cuda_ga_b3_reduce,build/CUDA-GA-B3-reduce,GPU-Pop B1+B2+B3-reduce,data/berlin52.tsp,18,117,NA,256,2000,0.03,2,9406,NA,NA,NA,ok,
cuda_ga_b3_shuffle,build/CUDA-GA-B3-shuffle,GPU-Pop B1+B2+B3-shuffle,data/berlin52.tsp,18,117,NA,256,2000,0.03,2,9406,NA,NA,NA,ok,
cuda_ga_b4_global,build/CUDA-GA-B4-global,GPU-Pop B1+B2+B3-shuffle+B4-global,data/berlin52.tsp,18,117,NA,256,2000,0.03,2,9406,NA,NA,NA,ok,
cuda_ga_b5_bigpop,build/CUDA-GA-B5-bigpop,GPU-Pop B5-bigpop,data/berlin52.tsp,18,117,NA,256,2000,0.03,2,7542,NA,NA,NA,ok,
cuda_ga_b4_smem,build/CUDA-GA-B4-smem,GPU-Pop B1+B2+B3-shuffle+B4-smem,data/berlin52.tsp,18,117,NA,256,2000,0.03,2,9406,NA,NA,NA,ok,
gpu_naive,build/GPU-Naive,gpu_naive,data/berlin52.tsp,19,118,NA,NA,NA,NA,NA,8181,NA,NA,NA,ok,
cuda_ga,build/CUDA-GA,cuda_ga,data/berlin52.tsp,19,118,512,NA,2000,0.03,4,7640,NA,NA,NA,ok,
cuda_ga_gpu_pop,build/CUDA-GA-GPU-Pop,GPU-Pop Control,data/berlin52.tsp,19,118,NA,256,2000,0.03,2,8929,334.145,2000,no,ok,
cuda_ga_gpu_pop_bankconflict,build/CUDA-GA-GPU-Pop-bankconflict,GPU-Pop Bank-Conflict Variant,data/berlin52.tsp,19,118,NA,256,2000,0.03,2,8929,332.21,2000,no,ok,
cuda_ga_gpu_pop_bitset,build/CUDA-GA-GPU-Pop-bitset,GPU-Pop Bitset Variant,data/berlin52.tsp,19,118,NA,256,2000,0.03,2,8929,283.976,2000,no,ok,
cuda_ga_gpu_pop_parallel_sort,build/GA-GPU-POP-ParallelSort,GA-GPU-POP-ParallelSort,data/berlin52.tsp,19,118,NA,256,2000,0.03,2,9217,NA,NA,NA,ok,
cuda_ga_gpu_pop_aos,build/GA-GPU-POP-AoS,GA-GPU-POP-AoS,data/berlin52.tsp,19,118,NA,256,2000,0.03,2,8929,NA,NA,NA,ok,
cuda_ga_gpu_pop_global_dist,build/GA-GPU-POP-GlobalDist,GA-GPU-POP-GlobalDist,data/berlin52.tsp,19,118,NA,256,2000,0.03,2,8929,279.5,2000,no,ok,
cuda_ga_gpu_pop_verbose_comments,build/GA-GPU-POP-VerboseComments,GA-GPU-POP-VerboseComments,data/berlin52.tsp,19,118,NA,256,2000,0.03,2,8929,NA,NA,NA,ok,
cuda_ga_b1_stride,build/CUDA-GA-B1-stride,GPU-Pop B1-stride,data/berlin52.tsp,19,118,NA,256,2000,0.03,2,9355,NA,NA,NA,ok,
cuda_ga_b2_bitmask,build/CUDA-GA-B2-bitmask,GPU-Pop B1+B2,data/berlin52.tsp,19,118,NA,256,2000,0.03,2,9355,NA,NA,NA,ok,
cuda_ga_b3_reduce,build/CUDA-GA-B3-reduce,GPU-Pop B1+B2+B3-reduce,data/berlin52.tsp,19,118,NA,256,2000,0.03,2,9355,NA,NA,NA,ok,
cuda_ga_b3_shuffle,build/CUDA-GA-B3-shuffle,GPU-Pop B1+B2+B3-shuffle,data/berlin52.tsp,19,118,NA,256,2000,0.03,2,9355,NA,NA,NA,ok,
cuda_ga_b4_global,build/CUDA-GA-B4-global,GPU-Pop B1+B2+B3-shuffle+B4-global,data/berlin52.tsp,19,118,NA,256,2000,0.03,2,9355,NA,NA,NA,ok,
cuda_ga_b5_bigpop,build/CUDA-GA-B5-bigpop,GPU-Pop B5-bigpop,data/berlin52.tsp,19,118,NA,256,2000,0.03,2,7542,NA,NA,NA,ok,
cuda_ga_b4_smem,build/CUDA-GA-B4-smem,GPU-Pop B1+B2+B3-shuffle+B4-smem,data/berlin52.tsp,19,118,NA,256,2000,0.03,2,9355,NA,NA,NA,ok,
gpu_naive,build/GPU-Naive,gpu_naive,data/berlin52.tsp,20,119,NA,NA,NA,NA,NA,8181,NA,NA,NA,ok,
cuda_ga,build/CUDA-GA,cuda_ga,data/berlin52.tsp,20,119,512,NA,2000,0.03,4,7640,NA,NA,NA,ok,
cuda_ga_gpu_pop,build/CUDA-GA-GPU-Pop,GPU-Pop Control,data/berlin52.tsp,20,119,NA,256,2000,0.03,2,8995,332.946,2000,no,ok,
cuda_ga_gpu_pop_bankconflict,build/CUDA-GA-GPU-Pop-bankconflict,GPU-Pop Bank-Conflict Variant,data/berlin52.tsp,20,119,NA,256,2000,0.03,2,8995,331.419,2000,no,ok,
cuda_ga_gpu_pop_bitset,build/CUDA-GA-GPU-Pop-bitset,GPU-Pop Bitset Variant,data/berlin52.tsp,20,119,NA,256,2000,0.03,2,8995,284.18,2000,no,ok,
cuda_ga_gpu_pop_parallel_sort,build/GA-GPU-POP-ParallelSort,GA-GPU-POP-ParallelSort,data/berlin52.tsp,20,119,NA,256,2000,0.03,2,9112,NA,NA,NA,ok,
cuda_ga_gpu_pop_aos,build/GA-GPU-POP-AoS,GA-GPU-POP-AoS,data/berlin52.tsp,20,119,NA,256,2000,0.03,2,8995,NA,NA,NA,ok,
cuda_ga_gpu_pop_global_dist,build/GA-GPU-POP-GlobalDist,GA-GPU-POP-GlobalDist,data/berlin52.tsp,20,119,NA,256,2000,0.03,2,8995,279.463,2000,no,ok,
cuda_ga_gpu_pop_verbose_comments,build/GA-GPU-POP-VerboseComments,GA-GPU-POP-VerboseComments,data/berlin52.tsp,20,119,NA,256,2000,0.03,2,8995,NA,NA,NA,ok,
cuda_ga_b1_stride,build/CUDA-GA-B1-stride,GPU-Pop B1-stride,data/berlin52.tsp,20,119,NA,256,2000,0.03,2,8947,NA,NA,NA,ok,
cuda_ga_b2_bitmask,build/CUDA-GA-B2-bitmask,GPU-Pop B1+B2,data/berlin52.tsp,20,119,NA,256,2000,0.03,2,8947,NA,NA,NA,ok,
cuda_ga_b3_reduce,build/CUDA-GA-B3-reduce,GPU-Pop B1+B2+B3-reduce,data/berlin52.tsp,20,119,NA,256,2000,0.03,2,8947,NA,NA,NA,ok,
cuda_ga_b3_shuffle,build/CUDA-GA-B3-shuffle,GPU-Pop B1+B2+B3-shuffle,data/berlin52.tsp,20,119,NA,256,2000,0.03,2,8947,NA,NA,NA,ok,
cuda_ga_b4_global,build/CUDA-GA-B4-global,GPU-Pop B1+B2+B3-shuffle+B4-global,data/berlin52.tsp,20,119,NA,256,2000,0.03,2,8947,NA,NA,NA,ok,
cuda_ga_b5_bigpop,build/CUDA-GA-B5-bigpop,GPU-Pop B5-bigpop,data/berlin52.tsp,20,119,NA,256,2000,0.03,2,7542,NA,NA,NA,ok,
cuda_ga_b4_smem,build/CUDA-GA-B4-smem,GPU-Pop B1+B2+B3-shuffle+B4-smem,data/berlin52.tsp,20,119,NA,256,2000,0.03,2,8947,NA,NA,NA,ok,
