variant,binary,version,dataset,run_index,seed,population,islands,generations,mutation_rate,elite_count,reported_length,cuda_elapsed_ms,generations_completed,target_reached,best_tour_path,status,notes
gpu_naive,build/GPU-Naive,gpu_naive,sequential/tests/fixtures/smoke_20.tsp,1,100,NA,NA,NA,NA,NA,80,0.131213,NA,NA,8 9 18 6 5 19 4 14 13 11 12 15 0 7 3 17 16 1 2 10 8,ok,
cuda_ga,build/CUDA-GA,cuda_ga,sequential/tests/fixtures/smoke_20.tsp,1,100,512,NA,2000,0.03,4,75,566.524,NA,NA,13 11 12 15 0 7 3 17 16 1 2 9 18 6 5 19 8 10 4 14 13,ok,
cuda_ga_no_greedy,build/CUDA-GA-no-greedy,cuda_ga_no_greedy,sequential/tests/fixtures/smoke_20.tsp,1,100,512,NA,2000,0.03,4,78,568.549,NA,NA,9 18 13 14 4 10 8 19 5 6 11 12 7 2 1 16 17 3 0 15 9,ok,
cuda_ga_gpu_pop,build/CUDA-GA-GPU-Pop,GPU-Pop Control,sequential/tests/fixtures/smoke_20.tsp,1,100,NA,256,2000,0.03,2,73,134.163,2000,no,18 13 11 12 15 0 2 1 16 3 17 7 14 6 5 19 4 10 8 9 18,ok,
cuda_ga_gpu_pop_bankconflict,build/CUDA-GA-GPU-Pop-bankconflict,GPU-Pop Bank-Conflict Variant,sequential/tests/fixtures/smoke_20.tsp,1,100,NA,256,2000,0.03,2,73,120.906,2000,no,18 13 11 12 15 0 2 1 16 3 17 7 14 6 5 19 4 10 8 9 18,ok,
cuda_ga_gpu_pop_bitset,build/CUDA-GA-GPU-Pop-bitset,GPU-Pop Bitset Variant,sequential/tests/fixtures/smoke_20.tsp,1,100,NA,256,2000,0.03,2,73,115.342,2000,no,18 13 11 12 15 0 2 1 16 3 17 7 14 6 5 19 4 10 8 9 18,ok,
cuda_ga_gpu_pop_parallel_sort,build/GA-GPU-POP-ParallelSort,GA-GPU-POP-ParallelSort,sequential/tests/fixtures/smoke_20.tsp,1,100,NA,256,2000,0.03,2,73,126.85,NA,NA,18 13 11 12 15 0 2 1 16 3 17 7 14 6 5 19 4 10 8 9 18,ok,
cuda_ga_gpu_pop_aos,build/GA-GPU-POP-AoS,GA-GPU-POP-AoS,sequential/tests/fixtures/smoke_20.tsp,1,100,NA,256,2000,0.03,2,73,626.322,NA,NA,18 13 11 12 15 0 2 1 16 3 17 7 14 6 5 19 4 10 8 9 18,ok,
cuda_ga_gpu_pop_global_dist,build/GA-GPU-POP-GlobalDist,GA-GPU-POP-GlobalDist,sequential/tests/fixtures/smoke_20.tsp,1,100,NA,256,2000,0.03,2,73,149.426,2000,no,18 13 11 12 15 0 2 1 16 3 17 7 14 6 5 19 4 10 8 9 18,ok,
cuda_ga_gpu_pop_verbose_comments,build/GA-GPU-POP-VerboseComments,GA-GPU-POP-VerboseComments,sequential/tests/fixtures/smoke_20.tsp,1,100,NA,256,2000,0.03,2,73,204.077,NA,NA,18 13 11 12 15 0 2 1 16 3 17 7 14 6 5 19 4 10 8 9 18,ok,
cuda_ga_b1_stride,build/CUDA-GA-B1-stride,cuda_ga_b1_stride,sequential/tests/fixtures/smoke_20.tsp,1,100,NA,256,2000,0.03,2,73,125.396,NA,NA,8 10 4 19 5 14 7 17 3 16 1 2 0 15 12 11 13 6 18 9 8,ok,
cuda_ga_b2_bitmask,build/CUDA-GA-B2-bitmask,cuda_ga_b2_bitmask,sequential/tests/fixtures/smoke_20.tsp,1,100,NA,256,2000,0.03,2,73,116.595,NA,NA,8 10 4 19 5 14 7 17 3 16 1 2 0 15 12 11 13 6 18 9 8,ok,
cuda_ga_b3_reduce,build/CUDA-GA-B3-reduce,cuda_ga_b3_reduce,sequential/tests/fixtures/smoke_20.tsp,1,100,NA,256,2000,0.03,2,73,119.264,NA,NA,8 10 4 19 5 14 7 17 3 16 1 2 0 15 12 11 13 6 18 9 8,ok,
cuda_ga_b3_shuffle,build/CUDA-GA-B3-shuffle,GPU-Pop B1+B2+B3-shuffle,sequential/tests/fixtures/smoke_20.tsp,1,100,NA,256,2000,0.03,2,73,116.697,NA,NA,8 10 4 19 5 14 7 17 3 16 1 2 0 15 12 11 13 6 18 9 8,ok,
cuda_ga_b4_global,build/CUDA-GA-B4-global,cuda_ga_b4_global,sequential/tests/fixtures/smoke_20.tsp,1,100,NA,256,2000,0.03,2,73,117.394,NA,NA,8 10 4 19 5 14 7 17 3 16 1 2 0 15 12 11 13 6 18 9 8,ok,
cuda_ga_b5_bigpop,build/CUDA-GA-B5-bigpop,cuda_ga_b5_bigpop,sequential/tests/fixtures/smoke_20.tsp,1,100,NA,256,2000,0.03,2,73,1685.03,NA,NA,15 12 11 13 18 9 8 10 4 19 5 6 14 7 3 17 16 1 2 0 15,ok,
cuda_ga_c1_stride,build/CUDA-GA-C1-stride,cuda_ga_c1_stride,sequential/tests/fixtures/smoke_20.tsp,1,100,NA,256,2000,0.03,2,73,127.94,NA,NA,14 13 7 17 3 16 1 2 0 15 12 11 6 18 9 8 10 4 19 5 14,ok,
cuda_ga_c2_bitmask,build/CUDA-GA-C2-bitmask,cuda_ga_c2_bitmask,sequential/tests/fixtures/smoke_20.tsp,1,100,NA,256,2000,0.03,2,73,119.307,NA,NA,14 13 7 17 3 16 1 2 0 15 12 11 6 18 9 8 10 4 19 5 14,ok,
cuda_ga_c3_reduce,build/CUDA-GA-C3-reduce,cuda_ga_c3_reduce,sequential/tests/fixtures/smoke_20.tsp,1,100,NA,256,2000,0.03,2,73,120.31,NA,NA,14 13 7 17 3 16 1 2 0 15 12 11 6 18 9 8 10 4 19 5 14,ok,
cuda_ga_c4_global,build/CUDA-GA-C4-global,cuda_ga_c4_global,sequential/tests/fixtures/smoke_20.tsp,1,100,NA,256,2000,0.03,2,73,120.148,NA,NA,14 13 7 17 3 16 1 2 0 15 12 11 6 18 9 8 10 4 19 5 14,ok,
cuda_ga_c5_bigpop,build/CUDA-GA-C5-bigpop,cuda_ga_c5_bigpop,sequential/tests/fixtures/smoke_20.tsp,1,100,NA,256,2000,0.03,2,73,1684.1,NA,NA,16 17 3 7 14 13 11 12 6 5 19 4 10 8 9 18 15 0 2 1 16,ok,
cuda_ga_b4_smem,build/CUDA-GA-B4-smem,GPU-Pop B1+B2+B3-shuffle+B4-smem,sequential/tests/fixtures/smoke_20.tsp,1,100,NA,256,2000,0.03,2,73,119.32,NA,NA,8 10 4 19 5 14 7 17 3 16 1 2 0 15 12 11 13 6 18 9 8,ok,
gpu_naive,build/GPU-Naive,gpu_naive,sequential/tests/fixtures/smoke_20.tsp,2,101,NA,NA,NA,NA,NA,80,0.132082,NA,NA,8 9 18 6 5 19 4 14 13 11 12 15 0 7 3 17 16 1 2 10 8,ok,
cuda_ga,build/CUDA-GA,cuda_ga,sequential/tests/fixtures/smoke_20.tsp,2,101,512,NA,2000,0.03,4,75,564.106,NA,NA,11 12 15 0 7 3 17 16 1 2 9 18 6 5 19 8 10 4 14 13 11,ok,
cuda_ga_no_greedy,build/CUDA-GA-no-greedy,cuda_ga_no_greedy,sequential/tests/fixtures/smoke_20.tsp,2,101,512,NA,2000,0.03,4,73,564.415,NA,NA,18 13 14 7 17 3 16 1 2 0 15 12 11 6 5 19 4 10 8 9 18,ok,
cuda_ga_gpu_pop,build/CUDA-GA-GPU-Pop,GPU-Pop Control,sequential/tests/fixtures/smoke_20.tsp,2,101,NA,256,2000,0.03,2,73,121.285,2000,no,15 0 2 1 16 3 17 7 13 14 6 5 19 4 10 8 9 18 11 12 15,ok,
cuda_ga_gpu_pop_bankconflict,build/CUDA-GA-GPU-Pop-bankconflict,GPU-Pop Bank-Conflict Variant,sequential/tests/fixtures/smoke_20.tsp,2,101,NA,256,2000,0.03,2,73,120.35,2000,no,15 0 2 1 16 3 17 7 13 14 6 5 19 4 10 8 9 18 11 12 15,ok,
cuda_ga_gpu_pop_bitset,build/CUDA-GA-GPU-Pop-bitset,GPU-Pop Bitset Variant,sequential/tests/fixtures/smoke_20.tsp,2,101,NA,256,2000,0.03,2,73,114.978,2000,no,15 0 2 1 16 3 17 7 13 14 6 5 19 4 10 8 9 18 11 12 15,ok,
cuda_ga_gpu_pop_parallel_sort,build/GA-GPU-POP-ParallelSort,GA-GPU-POP-ParallelSort,sequential/tests/fixtures/smoke_20.tsp,2,101,NA,256,2000,0.03,2,73,125.732,NA,NA,17 3 16 1 2 0 15 18 9 8 10 4 19 5 6 14 13 11 12 7 17,ok,
cuda_ga_gpu_pop_aos,build/GA-GPU-POP-AoS,GA-GPU-POP-AoS,sequential/tests/fixtures/smoke_20.tsp,2,101,NA,256,2000,0.03,2,73,626.7,NA,NA,15 0 2 1 16 3 17 7 13 14 6 5 19 4 10 8 9 18 11 12 15,ok,
cuda_ga_gpu_pop_global_dist,build/GA-GPU-POP-GlobalDist,GA-GPU-POP-GlobalDist,sequential/tests/fixtures/smoke_20.tsp,2,101,NA,256,2000,0.03,2,73,149.601,2000,no,15 0 2 1 16 3 17 7 13 14 6 5 19 4 10 8 9 18 11 12 15,ok,
cuda_ga_gpu_pop_verbose_comments,build/GA-GPU-POP-VerboseComments,GA-GPU-POP-VerboseComments,sequential/tests/fixtures/smoke_20.tsp,2,101,NA,256,2000,0.03,2,73,204.274,NA,NA,15 0 2 1 16 3 17 7 13 14 6 5 19 4 10 8 9 18 11 12 15,ok,
cuda_ga_b1_stride,build/CUDA-GA-B1-stride,cuda_ga_b1_stride,sequential/tests/fixtures/smoke_20.tsp,2,101,NA,256,2000,0.03,2,73,125.296,NA,NA,16 17 3 7 14 6 5 19 4 10 8 9 18 13 11 12 15 0 2 1 16,ok,
cuda_ga_b2_bitmask,build/CUDA-GA-B2-bitmask,cuda_ga_b2_bitmask,sequential/tests/fixtures/smoke_20.tsp,2,101,NA,256,2000,0.03,2,73,117.057,NA,NA,16 17 3 7 14 6 5 19 4 10 8 9 18 13 11 12 15 0 2 1 16,ok,
cuda_ga_b3_reduce,build/CUDA-GA-B3-reduce,cuda_ga_b3_reduce,sequential/tests/fixtures/smoke_20.tsp,2,101,NA,256,2000,0.03,2,73,117.581,NA,NA,16 17 3 7 14 6 5 19 4 10 8 9 18 13 11 12 15 0 2 1 16,ok,
cuda_ga_b3_shuffle,build/CUDA-GA-B3-shuffle,GPU-Pop B1+B2+B3-shuffle,sequential/tests/fixtures/smoke_20.tsp,2,101,NA,256,2000,0.03,2,73,117.494,NA,NA,16 17 3 7 14 6 5 19 4 10 8 9 18 13 11 12 15 0 2 1 16,ok,
cuda_ga_b4_global,build/CUDA-GA-B4-global,cuda_ga_b4_global,sequential/tests/fixtures/smoke_20.tsp,2,101,NA,256,2000,0.03,2,73,118.213,NA,NA,16 17 3 7 14 6 5 19 4 10 8 9 18 13 11 12 15 0 2 1 16,ok,
cuda_ga_b5_bigpop,build/CUDA-GA-B5-bigpop,cuda_ga_b5_bigpop,sequential/tests/fixtures/smoke_20.tsp,2,101,NA,256,2000,0.03,2,73,1683.28,NA,NA,10 4 19 5 6 14 7 17 3 16 1 2 0 15 12 11 13 18 9 8 10,ok,
cuda_ga_c1_stride,build/CUDA-GA-C1-stride,cuda_ga_c1_stride,sequential/tests/fixtures/smoke_20.tsp,2,101,NA,256,2000,0.03,2,73,127.057,NA,NA,17 3 16 1 2 0 15 12 11 6 18 9 8 10 4 19 5 14 13 7 17,ok,
cuda_ga_c2_bitmask,build/CUDA-GA-C2-bitmask,cuda_ga_c2_bitmask,sequential/tests/fixtures/smoke_20.tsp,2,101,NA,256,2000,0.03,2,73,117.267,NA,NA,17 3 16 1 2 0 15 12 11 6 18 9 8 10 4 19 5 14 13 7 17,ok,
cuda_ga_c3_reduce,build/CUDA-GA-C3-reduce,cuda_ga_c3_reduce,sequential/tests/fixtures/smoke_20.tsp,2,101,NA,256,2000,0.03,2,73,117.42,NA,NA,17 3 16 1 2 0 15 12 11 6 18 9 8 10 4 19 5 14 13 7 17,ok,
cuda_ga_c4_global,build/CUDA-GA-C4-global,cuda_ga_c4_global,sequential/tests/fixtures/smoke_20.tsp,2,101,NA,256,2000,0.03,2,73,118.514,NA,NA,17 3 16 1 2 0 15 12 11 6 18 9 8 10 4 19 5 14 13 7 17,ok,
cuda_ga_c5_bigpop,build/CUDA-GA-C5-bigpop,cuda_ga_c5_bigpop,sequential/tests/fixtures/smoke_20.tsp,2,101,NA,256,2000,0.03,2,73,1685.82,NA,NA,4 19 5 6 14 13 12 11 7 3 17 16 1 2 0 15 18 9 8 10 4,ok,
cuda_ga_b4_smem,build/CUDA-GA-B4-smem,GPU-Pop B1+B2+B3-shuffle+B4-smem,sequential/tests/fixtures/smoke_20.tsp,2,101,NA,256,2000,0.03,2,73,119.851,NA,NA,16 17 3 7 14 6 5 19 4 10 8 9 18 13 11 12 15 0 2 1 16,ok,
gpu_naive,build/GPU-Naive,gpu_naive,sequential/tests/fixtures/smoke_20.tsp,3,102,NA,NA,NA,NA,NA,80,0.14506,NA,NA,8 9 18 6 5 19 4 14 13 11 12 15 0 7 3 17 16 1 2 10 8,ok,
cuda_ga,build/CUDA-GA,cuda_ga,sequential/tests/fixtures/smoke_20.tsp,3,102,512,NA,2000,0.03,4,75,564.365,NA,NA,13 11 12 15 0 7 3 17 16 1 2 9 18 6 5 19 8 10 4 14 13,ok,
cuda_ga_no_greedy,build/CUDA-GA-no-greedy,cuda_ga_no_greedy,sequential/tests/fixtures/smoke_20.tsp,3,102,512,NA,2000,0.03,4,74,567.661,NA,NA,2 1 16 17 3 0 15 12 11 6 18 9 8 10 4 19 5 14 13 7 2,ok,
cuda_ga_gpu_pop,build/CUDA-GA-GPU-Pop,GPU-Pop Control,sequential/tests/fixtures/smoke_20.tsp,3,102,NA,256,2000,0.03,2,73,121.518,2000,no,7 17 3 16 1 2 0 15 18 9 8 10 4 19 5 6 14 13 11 12 7,ok,
cuda_ga_gpu_pop_bankconflict,build/CUDA-GA-GPU-Pop-bankconflict,GPU-Pop Bank-Conflict Variant,sequential/tests/fixtures/smoke_20.tsp,3,102,NA,256,2000,0.03,2,73,120.401,2000,no,7 17 3 16 1 2 0 15 18 9 8 10 4 19 5 6 14 13 11 12 7,ok,
cuda_ga_gpu_pop_bitset,build/CUDA-GA-GPU-Pop-bitset,GPU-Pop Bitset Variant,sequential/tests/fixtures/smoke_20.tsp,3,102,NA,256,2000,0.03,2,73,115.282,2000,no,7 17 3 16 1 2 0 15 18 9 8 10 4 19 5 6 14 13 11 12 7,ok,
cuda_ga_gpu_pop_parallel_sort,build/GA-GPU-POP-ParallelSort,GA-GPU-POP-ParallelSort,sequential/tests/fixtures/smoke_20.tsp,3,102,NA,256,2000,0.03,2,73,125.587,NA,NA,7 17 3 16 1 2 0 15 18 9 8 10 4 19 5 6 14 13 11 12 7,ok,
cuda_ga_gpu_pop_aos,build/GA-GPU-POP-AoS,GA-GPU-POP-AoS,sequential/tests/fixtures/smoke_20.tsp,3,102,NA,256,2000,0.03,2,73,627.005,NA,NA,7 17 3 16 1 2 0 15 18 9 8 10 4 19 5 6 14 13 11 12 7,ok,
cuda_ga_gpu_pop_global_dist,build/GA-GPU-POP-GlobalDist,GA-GPU-POP-GlobalDist,sequential/tests/fixtures/smoke_20.tsp,3,102,NA,256,2000,0.03,2,73,148.84,2000,no,7 17 3 16 1 2 0 15 18 9 8 10 4 19 5 6 14 13 11 12 7,ok,
cuda_ga_gpu_pop_verbose_comments,build/GA-GPU-POP-VerboseComments,GA-GPU-POP-VerboseComments,sequential/tests/fixtures/smoke_20.tsp,3,102,NA,256,2000,0.03,2,73,204.196,NA,NA,7 17 3 16 1 2 0 15 18 9 8 10 4 19 5 6 14 13 11 12 7,ok,
cuda_ga_b1_stride,build/CUDA-GA-B1-stride,cuda_ga_b1_stride,sequential/tests/fixtures/smoke_20.tsp,3,102,NA,256,2000,0.03,2,73,126.09,NA,NA,4 10 8 9 18 6 11 12 15 0 2 1 16 17 3 7 13 14 5 19 4,ok,
cuda_ga_b2_bitmask,build/CUDA-GA-B2-bitmask,cuda_ga_b2_bitmask,sequential/tests/fixtures/smoke_20.tsp,3,102,NA,256,2000,0.03,2,73,117.333,NA,NA,4 10 8 9 18 6 11 12 15 0 2 1 16 17 3 7 13 14 5 19 4,ok,
cuda_ga_b3_reduce,build/CUDA-GA-B3-reduce,cuda_ga_b3_reduce,sequential/tests/fixtures/smoke_20.tsp,3,102,NA,256,2000,0.03,2,73,117.019,NA,NA,4 10 8 9 18 6 11 12 15 0 2 1 16 17 3 7 13 14 5 19 4,ok,
cuda_ga_b3_shuffle,build/CUDA-GA-B3-shuffle,GPU-Pop B1+B2+B3-shuffle,sequential/tests/fixtures/smoke_20.tsp,3,102,NA,256,2000,0.03,2,73,117.016,NA,NA,4 10 8 9 18 6 11 12 15 0 2 1 16 17 3 7 13 14 5 19 4,ok,
cuda_ga_b4_global,build/CUDA-GA-B4-global,cuda_ga_b4_global,sequential/tests/fixtures/smoke_20.tsp,3,102,NA,256,2000,0.03,2,73,118.013,NA,NA,4 10 8 9 18 6 11 12 15 0 2 1 16 17 3 7 13 14 5 19 4,ok,
cuda_ga_b5_bigpop,build/CUDA-GA-B5-bigpop,cuda_ga_b5_bigpop,sequential/tests/fixtures/smoke_20.tsp,3,102,NA,256,2000,0.03,2,73,1683.85,NA,NA,4 19 5 6 11 12 13 14 7 17 3 16 1 2 0 15 18 9 8 10 4,ok,
cuda_ga_c1_stride,build/CUDA-GA-C1-stride,cuda_ga_c1_stride,sequential/tests/fixtures/smoke_20.tsp,3,102,NA,256,2000,0.03,2,73,125.188,NA,NA,14 13 11 12 7 17 3 16 1 2 0 15 18 9 8 10 4 19 5 6 14,ok,
cuda_ga_c2_bitmask,build/CUDA-GA-C2-bitmask,cuda_ga_c2_bitmask,sequential/tests/fixtures/smoke_20.tsp,3,102,NA,256,2000,0.03,2,73,117.054,NA,NA,14 13 11 12 7 17 3 16 1 2 0 15 18 9 8 10 4 19 5 6 14,ok,
cuda_ga_c3_reduce,build/CUDA-GA-C3-reduce,cuda_ga_c3_reduce,sequential/tests/fixtures/smoke_20.tsp,3,102,NA,256,2000,0.03,2,73,116.872,NA,NA,14 13 11 12 7 17 3 16 1 2 0 15 18 9 8 10 4 19 5 6 14,ok,
cuda_ga_c4_global,build/CUDA-GA-C4-global,cuda_ga_c4_global,sequential/tests/fixtures/smoke_20.tsp,3,102,NA,256,2000,0.03,2,73,117.819,NA,NA,14 13 11 12 7 17 3 16 1 2 0 15 18 9 8 10 4 19 5 6 14,ok,
cuda_ga_c5_bigpop,build/CUDA-GA-C5-bigpop,cuda_ga_c5_bigpop,sequential/tests/fixtures/smoke_20.tsp,3,102,NA,256,2000,0.03,2,73,1682.49,NA,NA,17 7 11 12 13 14 6 5 19 4 10 8 9 18 15 0 2 1 16 3 17,ok,
cuda_ga_b4_smem,build/CUDA-GA-B4-smem,GPU-Pop B1+B2+B3-shuffle+B4-smem,sequential/tests/fixtures/smoke_20.tsp,3,102,NA,256,2000,0.03,2,73,118.242,NA,NA,4 10 8 9 18 6 11 12 15 0 2 1 16 17 3 7 13 14 5 19 4,ok,
gpu_naive,build/GPU-Naive,gpu_naive,sequential/tests/fixtures/smoke_20.tsp,4,103,NA,NA,NA,NA,NA,80,0.130773,NA,NA,8 9 18 6 5 19 4 14 13 11 12 15 0 7 3 17 16 1 2 10 8,ok,
cuda_ga,build/CUDA-GA,cuda_ga,sequential/tests/fixtures/smoke_20.tsp,4,103,512,NA,2000,0.03,4,75,562.214,NA,NA,0 7 3 17 16 1 2 9 18 6 5 19 8 10 4 14 13 11 12 15 0,ok,
cuda_ga_no_greedy,build/CUDA-GA-no-greedy,cuda_ga_no_greedy,sequential/tests/fixtures/smoke_20.tsp,4,103,512,NA,2000,0.03,4,73,563.122,NA,NA,0 15 18 9 8 10 4 19 5 6 14 13 11 12 7 3 17 16 1 2 0,ok,
cuda_ga_gpu_pop,build/CUDA-GA-GPU-Pop,GPU-Pop Control,sequential/tests/fixtures/smoke_20.tsp,4,103,NA,256,2000,0.03,2,73,121.294,2000,no,13 18 9 8 10 4 19 5 6 11 12 15 0 2 1 16 17 3 7 14 13,ok,
cuda_ga_gpu_pop_bankconflict,build/CUDA-GA-GPU-Pop-bankconflict,GPU-Pop Bank-Conflict Variant,sequential/tests/fixtures/smoke_20.tsp,4,103,NA,256,2000,0.03,2,73,120.439,2000,no,13 18 9 8 10 4 19 5 6 11 12 15 0 2 1 16 17 3 7 14 13,ok,
cuda_ga_gpu_pop_bitset,build/CUDA-GA-GPU-Pop-bitset,GPU-Pop Bitset Variant,sequential/tests/fixtures/smoke_20.tsp,4,103,NA,256,2000,0.03,2,73,115.182,2000,no,13 18 9 8 10 4 19 5 6 11 12 15 0 2 1 16 17 3 7 14 13,ok,
cuda_ga_gpu_pop_parallel_sort,build/GA-GPU-POP-ParallelSort,GA-GPU-POP-ParallelSort,sequential/tests/fixtures/smoke_20.tsp,4,103,NA,256,2000,0.03,2,73,126.994,NA,NA,2 1 16 17 3 7 14 6 5 19 4 10 8 9 18 13 11 12 15 0 2,ok,
cuda_ga_gpu_pop_aos,build/GA-GPU-POP-AoS,GA-GPU-POP-AoS,sequential/tests/fixtures/smoke_20.tsp,4,103,NA,256,2000,0.03,2,73,625.939,NA,NA,13 18 9 8 10 4 19 5 6 11 12 15 0 2 1 16 17 3 7 14 13,ok,
cuda_ga_gpu_pop_global_dist,build/GA-GPU-POP-GlobalDist,GA-GPU-POP-GlobalDist,sequential/tests/fixtures/smoke_20.tsp,4,103,NA,256,2000,0.03,2,73,149.17,2000,no,13 18 9 8 10 4 19 5 6 11 12 15 0 2 1 16 17 3 7 14 13,ok,
cuda_ga_gpu_pop_verbose_comments,build/GA-GPU-POP-VerboseComments,GA-GPU-POP-VerboseComments,sequential/tests/fixtures/smoke_20.tsp,4,103,NA,256,2000,0.03,2,73,205.165,NA,NA,13 18 9 8 10 4 19 5 6 11 12 15 0 2 1 16 17 3 7 14 13,ok,
cuda_ga_b1_stride,build/CUDA-GA-B1-stride,cuda_ga_b1_stride,sequential/tests/fixtures/smoke_20.tsp,4,103,NA,256,2000,0.03,2,73,125.524,NA,NA,3 17 7 14 6 5 19 4 10 8 9 18 13 11 12 15 0 2 1 16 3,ok,
cuda_ga_b2_bitmask,build/CUDA-GA-B2-bitmask,cuda_ga_b2_bitmask,sequential/tests/fixtures/smoke_20.tsp,4,103,NA,256,2000,0.03,2,73,118.635,NA,NA,3 17 7 14 6 5 19 4 10 8 9 18 13 11 12 15 0 2 1 16 3,ok,
cuda_ga_b3_reduce,build/CUDA-GA-B3-reduce,cuda_ga_b3_reduce,sequential/tests/fixtures/smoke_20.tsp,4,103,NA,256,2000,0.03,2,73,118.994,NA,NA,3 17 7 14 6 5 19 4 10 8 9 18 13 11 12 15 0 2 1 16 3,ok,
cuda_ga_b3_shuffle,build/CUDA-GA-B3-shuffle,GPU-Pop B1+B2+B3-shuffle,sequential/tests/fixtures/smoke_20.tsp,4,103,NA,256,2000,0.03,2,73,117.11,NA,NA,3 17 7 14 6 5 19 4 10 8 9 18 13 11 12 15 0 2 1 16 3,ok,
cuda_ga_b4_global,build/CUDA-GA-B4-global,cuda_ga_b4_global,sequential/tests/fixtures/smoke_20.tsp,4,103,NA,256,2000,0.03,2,73,119.053,NA,NA,3 17 7 14 6 5 19 4 10 8 9 18 13 11 12 15 0 2 1 16 3,ok,
cuda_ga_b5_bigpop,build/CUDA-GA-B5-bigpop,cuda_ga_b5_bigpop,sequential/tests/fixtures/smoke_20.tsp,4,103,NA,256,2000,0.03,2,73,1684.1,NA,NA,14 6 5 19 4 10 8 9 18 15 0 2 1 16 3 17 7 11 12 13 14,ok,
cuda_ga_c1_stride,build/CUDA-GA-C1-stride,cuda_ga_c1_stride,sequential/tests/fixtures/smoke_20.tsp,4,103,NA,256,2000,0.03,2,73,127.702,NA,NA,11 12 15 0 2 1 16 3 17 7 14 5 19 4 10 8 9 18 6 13 11,ok,
cuda_ga_c2_bitmask,build/CUDA-GA-C2-bitmask,cuda_ga_c2_bitmask,sequential/tests/fixtures/smoke_20.tsp,4,103,NA,256,2000,0.03,2,73,118.339,NA,NA,11 12 15 0 2 1 16 3 17 7 14 5 19 4 10 8 9 18 6 13 11,ok,
cuda_ga_c3_reduce,build/CUDA-GA-C3-reduce,cuda_ga_c3_reduce,sequential/tests/fixtures/smoke_20.tsp,4,103,NA,256,2000,0.03,2,73,116.58,NA,NA,11 12 15 0 2 1 16 3 17 7 14 5 19 4 10 8 9 18 6 13 11,ok,
cuda_ga_c4_global,build/CUDA-GA-C4-global,cuda_ga_c4_global,sequential/tests/fixtures/smoke_20.tsp,4,103,NA,256,2000,0.03,2,73,119.744,NA,NA,11 12 15 0 2 1 16 3 17 7 14 5 19 4 10 8 9 18 6 13 11,ok,
cuda_ga_c5_bigpop,build/CUDA-GA-C5-bigpop,cuda_ga_c5_bigpop,sequential/tests/fixtures/smoke_20.tsp,4,103,NA,256,2000,0.03,2,73,1685.13,NA,NA,0 2 1 16 17 3 7 14 5 19 4 10 8 9 18 6 13 11 12 15 0,ok,
cuda_ga_b4_smem,build/CUDA-GA-B4-smem,GPU-Pop B1+B2+B3-shuffle+B4-smem,sequential/tests/fixtures/smoke_20.tsp,4,103,NA,256,2000,0.03,2,73,119.176,NA,NA,3 17 7 14 6 5 19 4 10 8 9 18 13 11 12 15 0 2 1 16 3,ok,
gpu_naive,build/GPU-Naive,gpu_naive,sequential/tests/fixtures/smoke_20.tsp,5,104,NA,NA,NA,NA,NA,80,0.133713,NA,NA,8 9 18 6 5 19 4 14 13 11 12 15 0 7 3 17 16 1 2 10 8,ok,
cuda_ga,build/CUDA-GA,cuda_ga,sequential/tests/fixtures/smoke_20.tsp,5,104,512,NA,2000,0.03,4,75,563.762,NA,NA,15 0 7 3 17 16 1 2 9 18 6 5 19 8 10 4 14 13 11 12 15,ok,
cuda_ga_no_greedy,build/CUDA-GA-no-greedy,cuda_ga_no_greedy,sequential/tests/fixtures/smoke_20.tsp,5,104,512,NA,2000,0.03,4,73,566.75,NA,NA,7 3 17 16 1 2 0 15 12 11 18 9 8 10 4 19 5 6 14 13 7,ok,
cuda_ga_gpu_pop,build/CUDA-GA-GPU-Pop,GPU-Pop Control,sequential/tests/fixtures/smoke_20.tsp,5,104,NA,256,2000,0.03,2,73,121.346,2000,no,5 19 4 10 8 9 18 15 0 2 1 16 3 17 7 11 12 13 14 6 5,ok,
cuda_ga_gpu_pop_bankconflict,build/CUDA-GA-GPU-Pop-bankconflict,GPU-Pop Bank-Conflict Variant,sequential/tests/fixtures/smoke_20.tsp,5,104,NA,256,2000,0.03,2,73,120.295,2000,no,5 19 4 10 8 9 18 15 0 2 1 16 3 17 7 11 12 13 14 6 5,ok,
cuda_ga_gpu_pop_bitset,build/CUDA-GA-GPU-Pop-bitset,GPU-Pop Bitset Variant,sequential/tests/fixtures/smoke_20.tsp,5,104,NA,256,2000,0.03,2,73,114.997,2000,no,5 19 4 10 8 9 18 15 0 2 1 16 3 17 7 11 12 13 14 6 5,ok,
cuda_ga_gpu_pop_parallel_sort,build/GA-GPU-POP-ParallelSort,GA-GPU-POP-ParallelSort,sequential/tests/fixtures/smoke_20.tsp,5,104,NA,256,2000,0.03,2,73,125.452,NA,NA,12 11 13 14 6 5 19 4 10 8 9 18 15 0 2 1 16 17 3 7 12,ok,
cuda_ga_gpu_pop_aos,build/GA-GPU-POP-AoS,GA-GPU-POP-AoS,sequential/tests/fixtures/smoke_20.tsp,5,104,NA,256,2000,0.03,2,73,626.433,NA,NA,5 19 4 10 8 9 18 15 0 2 1 16 3 17 7 11 12 13 14 6 5,ok,
cuda_ga_gpu_pop_global_dist,build/GA-GPU-POP-GlobalDist,GA-GPU-POP-GlobalDist,sequential/tests/fixtures/smoke_20.tsp,5,104,NA,256,2000,0.03,2,73,148.855,2000,no,5 19 4 10 8 9 18 15 0 2 1 16 3 17 7 11 12 13 14 6 5,ok,
cuda_ga_gpu_pop_verbose_comments,build/GA-GPU-POP-VerboseComments,GA-GPU-POP-VerboseComments,sequential/tests/fixtures/smoke_20.tsp,5,104,NA,256,2000,0.03,2,73,204.171,NA,NA,5 19 4 10 8 9 18 15 0 2 1 16 3 17 7 11 12 13 14 6 5,ok,
cuda_ga_b1_stride,build/CUDA-GA-B1-stride,cuda_ga_b1_stride,sequential/tests/fixtures/smoke_20.tsp,5,104,NA,256,2000,0.03,2,73,124.918,NA,NA,11 6 5 19 4 10 8 9 18 13 14 7 3 17 16 1 2 0 15 12 11,ok,
cuda_ga_b2_bitmask,build/CUDA-GA-B2-bitmask,cuda_ga_b2_bitmask,sequential/tests/fixtures/smoke_20.tsp,5,104,NA,256,2000,0.03,2,73,118.424,NA,NA,11 6 5 19 4 10 8 9 18 13 14 7 3 17 16 1 2 0 15 12 11,ok,
cuda_ga_b3_reduce,build/CUDA-GA-B3-reduce,cuda_ga_b3_reduce,sequential/tests/fixtures/smoke_20.tsp,5,104,NA,256,2000,0.03,2,73,117.688,NA,NA,11 6 5 19 4 10 8 9 18 13 14 7 3 17 16 1 2 0 15 12 11,ok,
cuda_ga_b3_shuffle,build/CUDA-GA-B3-shuffle,GPU-Pop B1+B2+B3-shuffle,sequential/tests/fixtures/smoke_20.tsp,5,104,NA,256,2000,0.03,2,73,118.477,NA,NA,11 6 5 19 4 10 8 9 18 13 14 7 3 17 16 1 2 0 15 12 11,ok,
cuda_ga_b4_global,build/CUDA-GA-B4-global,cuda_ga_b4_global,sequential/tests/fixtures/smoke_20.tsp,5,104,NA,256,2000,0.03,2,73,116.776,NA,NA,11 6 5 19 4 10 8 9 18 13 14 7 3 17 16 1 2 0 15 12 11,ok,
cuda_ga_b5_bigpop,build/CUDA-GA-B5-bigpop,cuda_ga_b5_bigpop,sequential/tests/fixtures/smoke_20.tsp,5,104,NA,256,2000,0.03,2,73,1683.91,NA,NA,2 0 15 18 9 8 10 4 19 5 6 14 13 12 11 7 17 3 16 1 2,ok,
cuda_ga_c1_stride,build/CUDA-GA-C1-stride,cuda_ga_c1_stride,sequential/tests/fixtures/smoke_20.tsp,5,104,NA,256,2000,0.03,2,73,127.022,NA,NA,1 2 0 15 12 11 13 6 18 9 8 10 4 19 5 14 7 17 3 16 1,ok,
cuda_ga_c2_bitmask,build/CUDA-GA-C2-bitmask,cuda_ga_c2_bitmask,sequential/tests/fixtures/smoke_20.tsp,5,104,NA,256,2000,0.03,2,73,118.554,NA,NA,1 2 0 15 12 11 13 6 18 9 8 10 4 19 5 14 7 17 3 16 1,ok,
cuda_ga_c3_reduce,build/CUDA-GA-C3-reduce,cuda_ga_c3_reduce,sequential/tests/fixtures/smoke_20.tsp,5,104,NA,256,2000,0.03,2,73,117.066,NA,NA,1 2 0 15 12 11 13 6 18 9 8 10 4 19 5 14 7 17 3 16 1,ok,
cuda_ga_c4_global,build/CUDA-GA-C4-global,cuda_ga_c4_global,sequential/tests/fixtures/smoke_20.tsp,5,104,NA,256,2000,0.03,2,73,118.781,NA,NA,1 2 0 15 12 11 13 6 18 9 8 10 4 19 5 14 7 17 3 16 1,ok,
cuda_ga_c5_bigpop,build/CUDA-GA-C5-bigpop,cuda_ga_c5_bigpop,sequential/tests/fixtures/smoke_20.tsp,5,104,NA,256,2000,0.03,2,73,1685.03,NA,NA,17 16 1 2 0 15 12 11 6 18 9 8 10 4 19 5 14 13 7 3 17,ok,
cuda_ga_b4_smem,build/CUDA-GA-B4-smem,GPU-Pop B1+B2+B3-shuffle+B4-smem,sequential/tests/fixtures/smoke_20.tsp,5,104,NA,256,2000,0.03,2,73,118.152,NA,NA,11 6 5 19 4 10 8 9 18 13 14 7 3 17 16 1 2 0 15 12 11,ok,
gpu_naive,build/GPU-Naive,gpu_naive,sequential/tests/fixtures/smoke_20.tsp,6,105,NA,NA,NA,NA,NA,80,0.128889,NA,NA,8 9 18 6 5 19 4 14 13 11 12 15 0 7 3 17 16 1 2 10 8,ok,
cuda_ga,build/CUDA-GA,cuda_ga,sequential/tests/fixtures/smoke_20.tsp,6,105,512,NA,2000,0.03,4,74,561.238,NA,NA,7 14 6 5 19 4 10 8 9 18 13 11 12 15 0 3 17 16 1 2 7,ok,
cuda_ga_no_greedy,build/CUDA-GA-no-greedy,cuda_ga_no_greedy,sequential/tests/fixtures/smoke_20.tsp,6,105,512,NA,2000,0.03,4,73,562.268,NA,NA,16 17 3 7 12 11 13 14 6 5 19 4 10 8 9 18 15 0 2 1 16,ok,
cuda_ga_gpu_pop,build/CUDA-GA-GPU-Pop,GPU-Pop Control,sequential/tests/fixtures/smoke_20.tsp,6,105,NA,256,2000,0.03,2,73,121.59,2000,no,6 11 12 15 0 2 1 16 3 17 7 14 13 18 9 8 10 4 19 5 6,ok,
cuda_ga_gpu_pop_bankconflict,build/CUDA-GA-GPU-Pop-bankconflict,GPU-Pop Bank-Conflict Variant,sequential/tests/fixtures/smoke_20.tsp,6,105,NA,256,2000,0.03,2,73,120.471,2000,no,6 11 12 15 0 2 1 16 3 17 7 14 13 18 9 8 10 4 19 5 6,ok,
cuda_ga_gpu_pop_bitset,build/CUDA-GA-GPU-Pop-bitset,GPU-Pop Bitset Variant,sequential/tests/fixtures/smoke_20.tsp,6,105,NA,256,2000,0.03,2,73,114.893,2000,no,6 11 12 15 0 2 1 16 3 17 7 14 13 18 9 8 10 4 19 5 6,ok,
cuda_ga_gpu_pop_parallel_sort,build/GA-GPU-POP-ParallelSort,GA-GPU-POP-ParallelSort,sequential/tests/fixtures/smoke_20.tsp,6,105,NA,256,2000,0.03,2,73,125.637,NA,NA,5 6 14 13 12 11 7 17 3 16 1 2 0 15 18 9 8 10 4 19 5,ok,
cuda_ga_gpu_pop_aos,build/GA-GPU-POP-AoS,GA-GPU-POP-AoS,sequential/tests/fixtures/smoke_20.tsp,6,105,NA,256,2000,0.03,2,73,625.57,NA,NA,6 11 12 15 0 2 1 16 3 17 7 14 13 18 9 8 10 4 19 5 6,ok,
cuda_ga_gpu_pop_global_dist,build/GA-GPU-POP-GlobalDist,GA-GPU-POP-GlobalDist,sequential/tests/fixtures/smoke_20.tsp,6,105,NA,256,2000,0.03,2,73,149.21,2000,no,6 11 12 15 0 2 1 16 3 17 7 14 13 18 9 8 10 4 19 5 6,ok,
cuda_ga_gpu_pop_verbose_comments,build/GA-GPU-POP-VerboseComments,GA-GPU-POP-VerboseComments,sequential/tests/fixtures/smoke_20.tsp,6,105,NA,256,2000,0.03,2,73,213.723,NA,NA,6 11 12 15 0 2 1 16 3 17 7 14 13 18 9 8 10 4 19 5 6,ok,
cuda_ga_b1_stride,build/CUDA-GA-B1-stride,cuda_ga_b1_stride,sequential/tests/fixtures/smoke_20.tsp,6,105,NA,256,2000,0.03,2,73,124.85,NA,NA,1 16 3 17 7 14 5 19 4 10 8 9 18 6 13 11 12 15 0 2 1,ok,
cuda_ga_b2_bitmask,build/CUDA-GA-B2-bitmask,cuda_ga_b2_bitmask,sequential/tests/fixtures/smoke_20.tsp,6,105,NA,256,2000,0.03,2,73,117.975,NA,NA,1 16 3 17 7 14 5 19 4 10 8 9 18 6 13 11 12 15 0 2 1,ok,
cuda_ga_b3_reduce,build/CUDA-GA-B3-reduce,cuda_ga_b3_reduce,sequential/tests/fixtures/smoke_20.tsp,6,105,NA,256,2000,0.03,2,73,117.07,NA,NA,1 16 3 17 7 14 5 19 4 10 8 9 18 6 13 11 12 15 0 2 1,ok,
cuda_ga_b3_shuffle,build/CUDA-GA-B3-shuffle,GPU-Pop B1+B2+B3-shuffle,sequential/tests/fixtures/smoke_20.tsp,6,105,NA,256,2000,0.03,2,73,117.562,NA,NA,1 16 3 17 7 14 5 19 4 10 8 9 18 6 13 11 12 15 0 2 1,ok,
cuda_ga_b4_global,build/CUDA-GA-B4-global,cuda_ga_b4_global,sequential/tests/fixtures/smoke_20.tsp,6,105,NA,256,2000,0.03,2,73,117.17,NA,NA,1 16 3 17 7 14 5 19 4 10 8 9 18 6 13 11 12 15 0 2 1,ok,
cuda_ga_b5_bigpop,build/CUDA-GA-B5-bigpop,cuda_ga_b5_bigpop,sequential/tests/fixtures/smoke_20.tsp,6,105,NA,256,2000,0.03,2,73,1684.1,NA,NA,3 17 16 1 2 0 15 12 11 6 5 19 4 10 8 9 18 13 14 7 3,ok,
cuda_ga_c1_stride,build/CUDA-GA-C1-stride,cuda_ga_c1_stride,sequential/tests/fixtures/smoke_20.tsp,6,105,NA,256,2000,0.03,2,73,126.406,NA,NA,3 17 16 1 2 0 15 18 9 8 10 4 19 5 6 14 13 11 12 7 3,ok,
cuda_ga_c2_bitmask,build/CUDA-GA-C2-bitmask,cuda_ga_c2_bitmask,sequential/tests/fixtures/smoke_20.tsp,6,105,NA,256,2000,0.03,2,73,118.96,NA,NA,3 17 16 1 2 0 15 18 9 8 10 4 19 5 6 14 13 11 12 7 3,ok,
cuda_ga_c3_reduce,build/CUDA-GA-C3-reduce,cuda_ga_c3_reduce,sequential/tests/fixtures/smoke_20.tsp,6,105,NA,256,2000,0.03,2,73,116.862,NA,NA,3 17 16 1 2 0 15 18 9 8 10 4 19 5 6 14 13 11 12 7 3,ok,
cuda_ga_c4_global,build/CUDA-GA-C4-global,cuda_ga_c4_global,sequential/tests/fixtures/smoke_20.tsp,6,105,NA,256,2000,0.03,2,73,119.161,NA,NA,3 17 16 1 2 0 15 18 9 8 10 4 19 5 6 14 13 11 12 7 3,ok,
cuda_ga_c5_bigpop,build/CUDA-GA-C5-bigpop,cuda_ga_c5_bigpop,sequential/tests/fixtures/smoke_20.tsp,6,105,NA,256,2000,0.03,2,73,1685.95,NA,NA,13 6 5 19 4 10 8 9 18 11 12 15 0 2 1 16 17 3 7 14 13,ok,
cuda_ga_b4_smem,build/CUDA-GA-B4-smem,GPU-Pop B1+B2+B3-shuffle+B4-smem,sequential/tests/fixtures/smoke_20.tsp,6,105,NA,256,2000,0.03,2,73,118.911,NA,NA,1 16 3 17 7 14 5 19 4 10 8 9 18 6 13 11 12 15 0 2 1,ok,
gpu_naive,build/GPU-Naive,gpu_naive,sequential/tests/fixtures/smoke_20.tsp,7,106,NA,NA,NA,NA,NA,80,0.131735,NA,NA,8 9 18 6 5 19 4 14 13 11 12 15 0 7 3 17 16 1 2 10 8,ok,
cuda_ga,build/CUDA-GA,cuda_ga,sequential/tests/fixtures/smoke_20.tsp,7,106,512,NA,2000,0.03,4,75,564.606,NA,NA,7 3 17 16 1 2 9 18 6 5 19 8 10 4 14 13 11 12 15 0 7,ok,
cuda_ga_no_greedy,build/CUDA-GA-no-greedy,cuda_ga_no_greedy,sequential/tests/fixtures/smoke_20.tsp,7,106,512,NA,2000,0.03,4,74,564.074,NA,NA,2 1 16 3 17 0 15 12 11 6 18 9 8 10 4 19 5 14 13 7 2,ok,
cuda_ga_gpu_pop,build/CUDA-GA-GPU-Pop,GPU-Pop Control,sequential/tests/fixtures/smoke_20.tsp,7,106,NA,256,2000,0.03,2,73,121.291,2000,no,13 14 7 3 17 16 1 2 0 15 12 11 6 5 19 4 10 8 9 18 13,ok,
cuda_ga_gpu_pop_bankconflict,build/CUDA-GA-GPU-Pop-bankconflict,GPU-Pop Bank-Conflict Variant,sequential/tests/fixtures/smoke_20.tsp,7,106,NA,256,2000,0.03,2,73,120.389,2000,no,13 14 7 3 17 16 1 2 0 15 12 11 6 5 19 4 10 8 9 18 13,ok,
cuda_ga_gpu_pop_bitset,build/CUDA-GA-GPU-Pop-bitset,GPU-Pop Bitset Variant,sequential/tests/fixtures/smoke_20.tsp,7,106,NA,256,2000,0.03,2,73,114.974,2000,no,13 14 7 3 17 16 1 2 0 15 12 11 6 5 19 4 10 8 9 18 13,ok,
cuda_ga_gpu_pop_parallel_sort,build/GA-GPU-POP-ParallelSort,GA-GPU-POP-ParallelSort,sequential/tests/fixtures/smoke_20.tsp,7,106,NA,256,2000,0.03,2,73,125.545,NA,NA,13 14 6 5 19 4 10 8 9 18 15 0 2 1 16 3 17 7 12 11 13,ok,
cuda_ga_gpu_pop_aos,build/GA-GPU-POP-AoS,GA-GPU-POP-AoS,sequential/tests/fixtures/smoke_20.tsp,7,106,NA,256,2000,0.03,2,73,625.916,NA,NA,13 14 7 3 17 16 1 2 0 15 12 11 6 5 19 4 10 8 9 18 13,ok,
cuda_ga_gpu_pop_global_dist,build/GA-GPU-POP-GlobalDist,GA-GPU-POP-GlobalDist,sequential/tests/fixtures/smoke_20.tsp,7,106,NA,256,2000,0.03,2,73,149.118,2000,no,13 14 7 3 17 16 1 2 0 15 12 11 6 5 19 4 10 8 9 18 13,ok,
cuda_ga_gpu_pop_verbose_comments,build/GA-GPU-POP-VerboseComments,GA-GPU-POP-VerboseComments,sequential/tests/fixtures/smoke_20.tsp,7,106,NA,256,2000,0.03,2,73,204.724,NA,NA,13 14 7 3 17 16 1 2 0 15 12 11 6 5 19 4 10 8 9 18 13,ok,
cuda_ga_b1_stride,build/CUDA-GA-B1-stride,cuda_ga_b1_stride,sequential/tests/fixtures/smoke_20.tsp,7,106,NA,256,2000,0.03,2,73,127.183,NA,NA,11 12 15 0 2 1 16 17 3 7 14 5 19 4 10 8 9 18 6 13 11,ok,
cuda_ga_b2_bitmask,build/CUDA-GA-B2-bitmask,cuda_ga_b2_bitmask,sequential/tests/fixtures/smoke_20.tsp,7,106,NA,256,2000,0.03,2,73,119.748,NA,NA,11 12 15 0 2 1 16 17 3 7 14 5 19 4 10 8 9 18 6 13 11,ok,
cuda_ga_b3_reduce,build/CUDA-GA-B3-reduce,cuda_ga_b3_reduce,sequential/tests/fixtures/smoke_20.tsp,7,106,NA,256,2000,0.03,2,73,117.446,NA,NA,11 12 15 0 2 1 16 17 3 7 14 5 19 4 10 8 9 18 6 13 11,ok,
cuda_ga_b3_shuffle,build/CUDA-GA-B3-shuffle,GPU-Pop B1+B2+B3-shuffle,sequential/tests/fixtures/smoke_20.tsp,7,106,NA,256,2000,0.03,2,73,118.536,NA,NA,11 12 15 0 2 1 16 17 3 7 14 5 19 4 10 8 9 18 6 13 11,ok,
cuda_ga_b4_global,build/CUDA-GA-B4-global,cuda_ga_b4_global,sequential/tests/fixtures/smoke_20.tsp,7,106,NA,256,2000,0.03,2,73,117.471,NA,NA,11 12 15 0 2 1 16 17 3 7 14 5 19 4 10 8 9 18 6 13 11,ok,
cuda_ga_b5_bigpop,build/CUDA-GA-B5-bigpop,cuda_ga_b5_bigpop,sequential/tests/fixtures/smoke_20.tsp,7,106,NA,256,2000,0.03,2,73,1684.72,NA,NA,14 13 18 9 8 10 4 19 5 6 11 12 15 0 2 1 16 3 17 7 14,ok,
cuda_ga_c1_stride,build/CUDA-GA-C1-stride,cuda_ga_c1_stride,sequential/tests/fixtures/smoke_20.tsp,7,106,NA,256,2000,0.03,2,73,125.982,NA,NA,14 13 11 12 6 5 19 4 10 8 9 18 15 0 2 1 16 17 3 7 14,ok,
cuda_ga_c2_bitmask,build/CUDA-GA-C2-bitmask,cuda_ga_c2_bitmask,sequential/tests/fixtures/smoke_20.tsp,7,106,NA,256,2000,0.03,2,73,117.302,NA,NA,14 13 11 12 6 5 19 4 10 8 9 18 15 0 2 1 16 17 3 7 14,ok,
cuda_ga_c3_reduce,build/CUDA-GA-C3-reduce,cuda_ga_c3_reduce,sequential/tests/fixtures/smoke_20.tsp,7,106,NA,256,2000,0.03,2,73,117.241,NA,NA,14 13 11 12 6 5 19 4 10 8 9 18 15 0 2 1 16 17 3 7 14,ok,
cuda_ga_c4_global,build/CUDA-GA-C4-global,cuda_ga_c4_global,sequential/tests/fixtures/smoke_20.tsp,7,106,NA,256,2000,0.03,2,73,117.513,NA,NA,14 13 11 12 6 5 19 4 10 8 9 18 15 0 2 1 16 17 3 7 14,ok,
cuda_ga_c5_bigpop,build/CUDA-GA-C5-bigpop,cuda_ga_c5_bigpop,sequential/tests/fixtures/smoke_20.tsp,7,106,NA,256,2000,0.03,2,73,1682.81,NA,NA,4 10 8 9 18 13 14 7 3 17 16 1 2 0 15 12 11 6 5 19 4,ok,
cuda_ga_b4_smem,build/CUDA-GA-B4-smem,GPU-Pop B1+B2+B3-shuffle+B4-smem,sequential/tests/fixtures/smoke_20.tsp,7,106,NA,256,2000,0.03,2,73,117.497,NA,NA,11 12 15 0 2 1 16 17 3 7 14 5 19 4 10 8 9 18 6 13 11,ok,
gpu_naive,build/GPU-Naive,gpu_naive,sequential/tests/fixtures/smoke_20.tsp,8,107,NA,NA,NA,NA,NA,80,0.124998,NA,NA,8 9 18 6 5 19 4 14 13 11 12 15 0 7 3 17 16 1 2 10 8,ok,
cuda_ga,build/CUDA-GA,cuda_ga,sequential/tests/fixtures/smoke_20.tsp,8,107,512,NA,2000,0.03,4,75,560.323,NA,NA,8 10 4 14 13 11 12 15 0 7 3 17 16 1 2 9 18 6 5 19 8,ok,
cuda_ga_no_greedy,build/CUDA-GA-no-greedy,cuda_ga_no_greedy,sequential/tests/fixtures/smoke_20.tsp,8,107,512,NA,2000,0.03,4,73,564.749,NA,NA,0 15 12 11 6 18 9 8 10 4 19 5 14 13 7 17 3 16 1 2 0,ok,
cuda_ga_gpu_pop,build/CUDA-GA-GPU-Pop,GPU-Pop Control,sequential/tests/fixtures/smoke_20.tsp,8,107,NA,256,2000,0.03,2,73,121.361,2000,no,2 0 15 18 9 8 10 4 19 5 6 14 13 11 12 7 3 17 16 1 2,ok,
cuda_ga_gpu_pop_bankconflict,build/CUDA-GA-GPU-Pop-bankconflict,GPU-Pop Bank-Conflict Variant,sequential/tests/fixtures/smoke_20.tsp,8,107,NA,256,2000,0.03,2,73,120.359,2000,no,2 0 15 18 9 8 10 4 19 5 6 14 13 11 12 7 3 17 16 1 2,ok,
cuda_ga_gpu_pop_bitset,build/CUDA-GA-GPU-Pop-bitset,GPU-Pop Bitset Variant,sequential/tests/fixtures/smoke_20.tsp,8,107,NA,256,2000,0.03,2,73,115.04,2000,no,2 0 15 18 9 8 10 4 19 5 6 14 13 11 12 7 3 17 16 1 2,ok,
cuda_ga_gpu_pop_parallel_sort,build/GA-GPU-POP-ParallelSort,GA-GPU-POP-ParallelSort,sequential/tests/fixtures/smoke_20.tsp,8,107,NA,256,2000,0.03,2,73,126.688,NA,NA,2 0 15 18 9 8 10 4 19 5 6 14 13 11 12 7 3 17 16 1 2,ok,
cuda_ga_gpu_pop_aos,build/GA-GPU-POP-AoS,GA-GPU-POP-AoS,sequential/tests/fixtures/smoke_20.tsp,8,107,NA,256,2000,0.03,2,73,625.87,NA,NA,2 0 15 18 9 8 10 4 19 5 6 14 13 11 12 7 3 17 16 1 2,ok,
cuda_ga_gpu_pop_global_dist,build/GA-GPU-POP-GlobalDist,GA-GPU-POP-GlobalDist,sequential/tests/fixtures/smoke_20.tsp,8,107,NA,256,2000,0.03,2,73,148.758,2000,no,2 0 15 18 9 8 10 4 19 5 6 14 13 11 12 7 3 17 16 1 2,ok,
cuda_ga_gpu_pop_verbose_comments,build/GA-GPU-POP-VerboseComments,GA-GPU-POP-VerboseComments,sequential/tests/fixtures/smoke_20.tsp,8,107,NA,256,2000,0.03,2,73,205.105,NA,NA,2 0 15 18 9 8 10 4 19 5 6 14 13 11 12 7 3 17 16 1 2,ok,
cuda_ga_b1_stride,build/CUDA-GA-B1-stride,cuda_ga_b1_stride,sequential/tests/fixtures/smoke_20.tsp,8,107,NA,256,2000,0.03,2,73,125.072,NA,NA,8 10 4 19 5 6 11 12 15 0 2 1 16 3 17 7 14 13 18 9 8,ok,
cuda_ga_b2_bitmask,build/CUDA-GA-B2-bitmask,cuda_ga_b2_bitmask,sequential/tests/fixtures/smoke_20.tsp,8,107,NA,256,2000,0.03,2,73,117.383,NA,NA,8 10 4 19 5 6 11 12 15 0 2 1 16 3 17 7 14 13 18 9 8,ok,
cuda_ga_b3_reduce,build/CUDA-GA-B3-reduce,cuda_ga_b3_reduce,sequential/tests/fixtures/smoke_20.tsp,8,107,NA,256,2000,0.03,2,73,117.698,NA,NA,8 10 4 19 5 6 11 12 15 0 2 1 16 3 17 7 14 13 18 9 8,ok,
cuda_ga_b3_shuffle,build/CUDA-GA-B3-shuffle,GPU-Pop B1+B2+B3-shuffle,sequential/tests/fixtures/smoke_20.tsp,8,107,NA,256,2000,0.03,2,73,121.092,NA,NA,8 10 4 19 5 6 11 12 15 0 2 1 16 3 17 7 14 13 18 9 8,ok,
cuda_ga_b4_global,build/CUDA-GA-B4-global,cuda_ga_b4_global,sequential/tests/fixtures/smoke_20.tsp,8,107,NA,256,2000,0.03,2,73,119.278,NA,NA,8 10 4 19 5 6 11 12 15 0 2 1 16 3 17 7 14 13 18 9 8,ok,
cuda_ga_b5_bigpop,build/CUDA-GA-B5-bigpop,cuda_ga_b5_bigpop,sequential/tests/fixtures/smoke_20.tsp,8,107,NA,256,2000,0.03,2,73,1684.53,NA,NA,2 1 16 17 3 7 14 13 18 9 8 10 4 19 5 6 11 12 15 0 2,ok,
cuda_ga_c1_stride,build/CUDA-GA-C1-stride,cuda_ga_c1_stride,sequential/tests/fixtures/smoke_20.tsp,8,107,NA,256,2000,0.03,2,73,126.691,NA,NA,15 0 2 1 16 3 17 7 13 14 5 19 4 10 8 9 18 6 11 12 15,ok,
cuda_ga_c2_bitmask,build/CUDA-GA-C2-bitmask,cuda_ga_c2_bitmask,sequential/tests/fixtures/smoke_20.tsp,8,107,NA,256,2000,0.03,2,73,117.685,NA,NA,15 0 2 1 16 3 17 7 13 14 5 19 4 10 8 9 18 6 11 12 15,ok,
cuda_ga_c3_reduce,build/CUDA-GA-C3-reduce,cuda_ga_c3_reduce,sequential/tests/fixtures/smoke_20.tsp,8,107,NA,256,2000,0.03,2,73,117.844,NA,NA,15 0 2 1 16 3 17 7 13 14 5 19 4 10 8 9 18 6 11 12 15,ok,
cuda_ga_c4_global,build/CUDA-GA-C4-global,cuda_ga_c4_global,sequential/tests/fixtures/smoke_20.tsp,8,107,NA,256,2000,0.03,2,73,117.919,NA,NA,15 0 2 1 16 3 17 7 13 14 5 19 4 10 8 9 18 6 11 12 15,ok,
cuda_ga_c5_bigpop,build/CUDA-GA-C5-bigpop,cuda_ga_c5_bigpop,sequential/tests/fixtures/smoke_20.tsp,8,107,NA,256,2000,0.03,2,73,1685.51,NA,NA,2 1 16 3 17 7 13 14 6 5 19 4 10 8 9 18 11 12 15 0 2,ok,
cuda_ga_b4_smem,build/CUDA-GA-B4-smem,GPU-Pop B1+B2+B3-shuffle+B4-smem,sequential/tests/fixtures/smoke_20.tsp,8,107,NA,256,2000,0.03,2,73,116.319,NA,NA,8 10 4 19 5 6 11 12 15 0 2 1 16 3 17 7 14 13 18 9 8,ok,
gpu_naive,build/GPU-Naive,gpu_naive,sequential/tests/fixtures/smoke_20.tsp,9,108,NA,NA,NA,NA,NA,80,0.130026,NA,NA,8 9 18 6 5 19 4 14 13 11 12 15 0 7 3 17 16 1 2 10 8,ok,
cuda_ga,build/CUDA-GA,cuda_ga,sequential/tests/fixtures/smoke_20.tsp,9,108,512,NA,2000,0.03,4,75,564.004,NA,NA,14 13 11 12 15 0 7 3 17 16 1 2 9 18 6 5 19 8 10 4 14,ok,
cuda_ga_no_greedy,build/CUDA-GA-no-greedy,cuda_ga_no_greedy,sequential/tests/fixtures/smoke_20.tsp,9,108,512,NA,2000,0.03,4,74,566.507,NA,NA,3 16 1 2 7 12 11 13 14 6 5 19 4 10 8 9 18 15 0 17 3,ok,
cuda_ga_gpu_pop,build/CUDA-GA-GPU-Pop,GPU-Pop Control,sequential/tests/fixtures/smoke_20.tsp,9,108,NA,256,2000,0.03,2,73,121.417,2000,no,17 3 16 1 2 0 15 12 11 18 9 8 10 4 19 5 6 14 13 7 17,ok,
cuda_ga_gpu_pop_bankconflict,build/CUDA-GA-GPU-Pop-bankconflict,GPU-Pop Bank-Conflict Variant,sequential/tests/fixtures/smoke_20.tsp,9,108,NA,256,2000,0.03,2,73,120.456,2000,no,17 3 16 1 2 0 15 12 11 18 9 8 10 4 19 5 6 14 13 7 17,ok,
cuda_ga_gpu_pop_bitset,build/CUDA-GA-GPU-Pop-bitset,GPU-Pop Bitset Variant,sequential/tests/fixtures/smoke_20.tsp,9,108,NA,256,2000,0.03,2,73,115.206,2000,no,17 3 16 1 2 0 15 12 11 18 9 8 10 4 19 5 6 14 13 7 17,ok,
cuda_ga_gpu_pop_parallel_sort,build/GA-GPU-POP-ParallelSort,GA-GPU-POP-ParallelSort,sequential/tests/fixtures/smoke_20.tsp,9,108,NA,256,2000,0.03,2,73,125.418,NA,NA,17 3 16 1 2 0 15 12 11 18 9 8 10 4 19 5 6 14 13 7 17,ok,
cuda_ga_gpu_pop_aos,build/GA-GPU-POP-AoS,GA-GPU-POP-AoS,sequential/tests/fixtures/smoke_20.tsp,9,108,NA,256,2000,0.03,2,73,625.89,NA,NA,17 3 16 1 2 0 15 12 11 18 9 8 10 4 19 5 6 14 13 7 17,ok,
cuda_ga_gpu_pop_global_dist,build/GA-GPU-POP-GlobalDist,GA-GPU-POP-GlobalDist,sequential/tests/fixtures/smoke_20.tsp,9,108,NA,256,2000,0.03,2,73,149.4,2000,no,17 3 16 1 2 0 15 12 11 18 9 8 10 4 19 5 6 14 13 7 17,ok,
cuda_ga_gpu_pop_verbose_comments,build/GA-GPU-POP-VerboseComments,GA-GPU-POP-VerboseComments,sequential/tests/fixtures/smoke_20.tsp,9,108,NA,256,2000,0.03,2,73,203.964,NA,NA,17 3 16 1 2 0 15 12 11 18 9 8 10 4 19 5 6 14 13 7 17,ok,
cuda_ga_b1_stride,build/CUDA-GA-B1-stride,cuda_ga_b1_stride,sequential/tests/fixtures/smoke_20.tsp,9,108,NA,256,2000,0.03,2,73,124.47,NA,NA,4 10 8 9 18 15 0 2 1 16 3 17 7 11 12 13 14 6 5 19 4,ok,
cuda_ga_b2_bitmask,build/CUDA-GA-B2-bitmask,cuda_ga_b2_bitmask,sequential/tests/fixtures/smoke_20.tsp,9,108,NA,256,2000,0.03,2,73,116.899,NA,NA,4 10 8 9 18 15 0 2 1 16 3 17 7 11 12 13 14 6 5 19 4,ok,
cuda_ga_b3_reduce,build/CUDA-GA-B3-reduce,cuda_ga_b3_reduce,sequential/tests/fixtures/smoke_20.tsp,9,108,NA,256,2000,0.03,2,73,117.136,NA,NA,4 10 8 9 18 15 0 2 1 16 3 17 7 11 12 13 14 6 5 19 4,ok,
cuda_ga_b3_shuffle,build/CUDA-GA-B3-shuffle,GPU-Pop B1+B2+B3-shuffle,sequential/tests/fixtures/smoke_20.tsp,9,108,NA,256,2000,0.03,2,73,117.443,NA,NA,4 10 8 9 18 15 0 2 1 16 3 17 7 11 12 13 14 6 5 19 4,ok,
cuda_ga_b4_global,build/CUDA-GA-B4-global,cuda_ga_b4_global,sequential/tests/fixtures/smoke_20.tsp,9,108,NA,256,2000,0.03,2,73,116.945,NA,NA,4 10 8 9 18 15 0 2 1 16 3 17 7 11 12 13 14 6 5 19 4,ok,
cuda_ga_b5_bigpop,build/CUDA-GA-B5-bigpop,cuda_ga_b5_bigpop,sequential/tests/fixtures/smoke_20.tsp,9,108,NA,256,2000,0.03,2,73,1683.96,NA,NA,4 10 8 9 18 6 13 11 12 15 0 2 1 16 3 17 7 14 5 19 4,ok,
cuda_ga_c1_stride,build/CUDA-GA-C1-stride,cuda_ga_c1_stride,sequential/tests/fixtures/smoke_20.tsp,9,108,NA,256,2000,0.03,2,73,126.558,NA,NA,10 4 19 5 6 12 11 13 14 7 17 3 16 1 2 0 15 18 9 8 10,ok,
cuda_ga_c2_bitmask,build/CUDA-GA-C2-bitmask,cuda_ga_c2_bitmask,sequential/tests/fixtures/smoke_20.tsp,9,108,NA,256,2000,0.03,2,73,117.108,NA,NA,10 4 19 5 6 12 11 13 14 7 17 3 16 1 2 0 15 18 9 8 10,ok,
cuda_ga_c3_reduce,build/CUDA-GA-C3-reduce,cuda_ga_c3_reduce,sequential/tests/fixtures/smoke_20.tsp,9,108,NA,256,2000,0.03,2,73,117.955,NA,NA,10 4 19 5 6 12 11 13 14 7 17 3 16 1 2 0 15 18 9 8 10,ok,
cuda_ga_c4_global,build/CUDA-GA-C4-global,cuda_ga_c4_global,sequential/tests/fixtures/smoke_20.tsp,9,108,NA,256,2000,0.03,2,73,118.974,NA,NA,10 4 19 5 6 12 11 13 14 7 17 3 16 1 2 0 15 18 9 8 10,ok,
cuda_ga_c5_bigpop,build/CUDA-GA-C5-bigpop,cuda_ga_c5_bigpop,sequential/tests/fixtures/smoke_20.tsp,9,108,NA,256,2000,0.03,2,73,1684.46,NA,NA,5 6 11 12 15 0 2 1 16 3 17 7 14 13 18 9 8 10 4 19 5,ok,
cuda_ga_b4_smem,build/CUDA-GA-B4-smem,GPU-Pop B1+B2+B3-shuffle+B4-smem,sequential/tests/fixtures/smoke_20.tsp,9,108,NA,256,2000,0.03,2,73,119.034,NA,NA,4 10 8 9 18 15 0 2 1 16 3 17 7 11 12 13 14 6 5 19 4,ok,
gpu_naive,build/GPU-Naive,gpu_naive,sequential/tests/fixtures/smoke_20.tsp,10,109,NA,NA,NA,NA,NA,80,0.131764,NA,NA,8 9 18 6 5 19 4 14 13 11 12 15 0 7 3 17 16 1 2 10 8,ok,
cuda_ga,build/CUDA-GA,cuda_ga,sequential/tests/fixtures/smoke_20.tsp,10,109,512,NA,2000,0.03,4,74,563.725,NA,NA,13 11 12 15 0 7 3 17 16 1 2 18 9 8 10 4 19 5 6 14 13,ok,
cuda_ga_no_greedy,build/CUDA-GA-no-greedy,cuda_ga_no_greedy,sequential/tests/fixtures/smoke_20.tsp,10,109,512,NA,2000,0.03,4,73,566.558,NA,NA,13 14 7 3 17 16 1 2 0 15 18 9 8 10 4 19 5 6 11 12 13,ok,
cuda_ga_gpu_pop,build/CUDA-GA-GPU-Pop,GPU-Pop Control,sequential/tests/fixtures/smoke_20.tsp,10,109,NA,256,2000,0.03,2,73,121.524,2000,no,3 7 14 6 5 19 4 10 8 9 18 13 11 12 15 0 2 1 16 17 3,ok,
cuda_ga_gpu_pop_bankconflict,build/CUDA-GA-GPU-Pop-bankconflict,GPU-Pop Bank-Conflict Variant,sequential/tests/fixtures/smoke_20.tsp,10,109,NA,256,2000,0.03,2,73,120.37,2000,no,3 7 14 6 5 19 4 10 8 9 18 13 11 12 15 0 2 1 16 17 3,ok,
cuda_ga_gpu_pop_bitset,build/CUDA-GA-GPU-Pop-bitset,GPU-Pop Bitset Variant,sequential/tests/fixtures/smoke_20.tsp,10,109,NA,256,2000,0.03,2,73,115.133,2000,no,3 7 14 6 5 19 4 10 8 9 18 13 11 12 15 0 2 1 16 17 3,ok,
cuda_ga_gpu_pop_parallel_sort,build/GA-GPU-POP-ParallelSort,GA-GPU-POP-ParallelSort,sequential/tests/fixtures/smoke_20.tsp,10,109,NA,256,2000,0.03,2,73,126.329,NA,NA,6 11 12 15 0 2 1 16 3 17 7 14 13 18 9 8 10 4 19 5 6,ok,
cuda_ga_gpu_pop_aos,build/GA-GPU-POP-AoS,GA-GPU-POP-AoS,sequential/tests/fixtures/smoke_20.tsp,10,109,NA,256,2000,0.03,2,73,627.154,NA,NA,3 7 14 6 5 19 4 10 8 9 18 13 11 12 15 0 2 1 16 17 3,ok,
cuda_ga_gpu_pop_global_dist,build/GA-GPU-POP-GlobalDist,GA-GPU-POP-GlobalDist,sequential/tests/fixtures/smoke_20.tsp,10,109,NA,256,2000,0.03,2,73,149.295,2000,no,3 7 14 6 5 19 4 10 8 9 18 13 11 12 15 0 2 1 16 17 3,ok,
cuda_ga_gpu_pop_verbose_comments,build/GA-GPU-POP-VerboseComments,GA-GPU-POP-VerboseComments,sequential/tests/fixtures/smoke_20.tsp,10,109,NA,256,2000,0.03,2,73,203.807,NA,NA,3 7 14 6 5 19 4 10 8 9 18 13 11 12 15 0 2 1 16 17 3,ok,
cuda_ga_b1_stride,build/CUDA-GA-B1-stride,cuda_ga_b1_stride,sequential/tests/fixtures/smoke_20.tsp,10,109,NA,256,2000,0.03,2,73,124.6,NA,NA,16 1 2 0 15 18 9 8 10 4 19 5 6 11 12 13 14 7 17 3 16,ok,
cuda_ga_b2_bitmask,build/CUDA-GA-B2-bitmask,cuda_ga_b2_bitmask,sequential/tests/fixtures/smoke_20.tsp,10,109,NA,256,2000,0.03,2,73,117.347,NA,NA,16 1 2 0 15 18 9 8 10 4 19 5 6 11 12 13 14 7 17 3 16,ok,
cuda_ga_b3_reduce,build/CUDA-GA-B3-reduce,cuda_ga_b3_reduce,sequential/tests/fixtures/smoke_20.tsp,10,109,NA,256,2000,0.03,2,73,119.312,NA,NA,16 1 2 0 15 18 9 8 10 4 19 5 6 11 12 13 14 7 17 3 16,ok,
cuda_ga_b3_shuffle,build/CUDA-GA-B3-shuffle,GPU-Pop B1+B2+B3-shuffle,sequential/tests/fixtures/smoke_20.tsp,10,109,NA,256,2000,0.03,2,73,116.898,NA,NA,16 1 2 0 15 18 9 8 10 4 19 5 6 11 12 13 14 7 17 3 16,ok,
cuda_ga_b4_global,build/CUDA-GA-B4-global,cuda_ga_b4_global,sequential/tests/fixtures/smoke_20.tsp,10,109,NA,256,2000,0.03,2,73,117.61,NA,NA,16 1 2 0 15 18 9 8 10 4 19 5 6 11 12 13 14 7 17 3 16,ok,
cuda_ga_b5_bigpop,build/CUDA-GA-B5-bigpop,cuda_ga_b5_bigpop,sequential/tests/fixtures/smoke_20.tsp,10,109,NA,256,2000,0.03,2,73,1686.5,NA,NA,18 13 14 7 3 17 16 1 2 0 15 12 11 6 5 19 4 10 8 9 18,ok,
cuda_ga_c1_stride,build/CUDA-GA-C1-stride,cuda_ga_c1_stride,sequential/tests/fixtures/smoke_20.tsp,10,109,NA,256,2000,0.03,2,73,125.353,NA,NA,15 12 11 6 18 9 8 10 4 19 5 14 13 7 3 17 16 1 2 0 15,ok,
cuda_ga_c2_bitmask,build/CUDA-GA-C2-bitmask,cuda_ga_c2_bitmask,sequential/tests/fixtures/smoke_20.tsp,10,109,NA,256,2000,0.03,2,73,118.884,NA,NA,15 12 11 6 18 9 8 10 4 19 5 14 13 7 3 17 16 1 2 0 15,ok,
cuda_ga_c3_reduce,build/CUDA-GA-C3-reduce,cuda_ga_c3_reduce,sequential/tests/fixtures/smoke_20.tsp,10,109,NA,256,2000,0.03,2,73,118.232,NA,NA,15 12 11 6 18 9 8 10 4 19 5 14 13 7 3 17 16 1 2 0 15,ok,
cuda_ga_c4_global,build/CUDA-GA-C4-global,cuda_ga_c4_global,sequential/tests/fixtures/smoke_20.tsp,10,109,NA,256,2000,0.03,2,73,117.637,NA,NA,15 12 11 6 18 9 8 10 4 19 5 14 13 7 3 17 16 1 2 0 15,ok,
cuda_ga_c5_bigpop,build/CUDA-GA-C5-bigpop,cuda_ga_c5_bigpop,sequential/tests/fixtures/smoke_20.tsp,10,109,NA,256,2000,0.03,2,73,1686.62,NA,NA,8 10 4 19 5 6 14 7 3 17 16 1 2 0 15 12 11 13 18 9 8,ok,
cuda_ga_b4_smem,build/CUDA-GA-B4-smem,GPU-Pop B1+B2+B3-shuffle+B4-smem,sequential/tests/fixtures/smoke_20.tsp,10,109,NA,256,2000,0.03,2,73,118.398,NA,NA,16 1 2 0 15 18 9 8 10 4 19 5 6 11 12 13 14 7 17 3 16,ok,
gpu_naive,build/GPU-Naive,gpu_naive,sequential/tests/fixtures/smoke_20.tsp,11,110,NA,NA,NA,NA,NA,80,0.133691,NA,NA,8 9 18 6 5 19 4 14 13 11 12 15 0 7 3 17 16 1 2 10 8,ok,
cuda_ga,build/CUDA-GA,cuda_ga,sequential/tests/fixtures/smoke_20.tsp,11,110,512,NA,2000,0.03,4,75,564.052,NA,NA,19 8 10 4 14 13 11 12 15 0 7 3 17 16 1 2 9 18 6 5 19,ok,
cuda_ga_no_greedy,build/CUDA-GA-no-greedy,cuda_ga_no_greedy,sequential/tests/fixtures/smoke_20.tsp,11,110,512,NA,2000,0.03,4,73,563.686,NA,NA,12 7 17 3 16 1 2 0 15 18 9 8 10 4 19 5 6 14 13 11 12,ok,
cuda_ga_gpu_pop,build/CUDA-GA-GPU-Pop,GPU-Pop Control,sequential/tests/fixtures/smoke_20.tsp,11,110,NA,256,2000,0.03,2,73,121.269,2000,no,6 5 19 4 10 8 9 18 15 0 2 1 16 3 17 7 14 13 11 12 6,ok,
cuda_ga_gpu_pop_bankconflict,build/CUDA-GA-GPU-Pop-bankconflict,GPU-Pop Bank-Conflict Variant,sequential/tests/fixtures/smoke_20.tsp,11,110,NA,256,2000,0.03,2,73,120.245,2000,no,6 5 19 4 10 8 9 18 15 0 2 1 16 3 17 7 14 13 11 12 6,ok,
cuda_ga_gpu_pop_bitset,build/CUDA-GA-GPU-Pop-bitset,GPU-Pop Bitset Variant,sequential/tests/fixtures/smoke_20.tsp,11,110,NA,256,2000,0.03,2,73,115.201,2000,no,6 5 19 4 10 8 9 18 15 0 2 1 16 3 17 7 14 13 11 12 6,ok,
cuda_ga_gpu_pop_parallel_sort,build/GA-GPU-POP-ParallelSort,GA-GPU-POP-ParallelSort,sequential/tests/fixtures/smoke_20.tsp,11,110,NA,256,2000,0.03,2,73,126.529,NA,NA,6 5 19 4 10 8 9 18 15 0 2 1 16 3 17 7 14 13 11 12 6,ok,
cuda_ga_gpu_pop_aos,build/GA-GPU-POP-AoS,GA-GPU-POP-AoS,sequential/tests/fixtures/smoke_20.tsp,11,110,NA,256,2000,0.03,2,73,628.17,NA,NA,6 5 19 4 10 8 9 18 15 0 2 1 16 3 17 7 14 13 11 12 6,ok,
cuda_ga_gpu_pop_global_dist,build/GA-GPU-POP-GlobalDist,GA-GPU-POP-GlobalDist,sequential/tests/fixtures/smoke_20.tsp,11,110,NA,256,2000,0.03,2,73,148.891,2000,no,6 5 19 4 10 8 9 18 15 0 2 1 16 3 17 7 14 13 11 12 6,ok,
cuda_ga_gpu_pop_verbose_comments,build/GA-GPU-POP-VerboseComments,GA-GPU-POP-VerboseComments,sequential/tests/fixtures/smoke_20.tsp,11,110,NA,256,2000,0.03,2,73,205.625,NA,NA,6 5 19 4 10 8 9 18 15 0 2 1 16 3 17 7 14 13 11 12 6,ok,
cuda_ga_b1_stride,build/CUDA-GA-B1-stride,cuda_ga_b1_stride,sequential/tests/fixtures/smoke_20.tsp,11,110,NA,256,2000,0.03,2,73,126.035,NA,NA,19 4 10 8 9 18 13 14 7 3 17 16 1 2 0 15 12 11 6 5 19,ok,
cuda_ga_b2_bitmask,build/CUDA-GA-B2-bitmask,cuda_ga_b2_bitmask,sequential/tests/fixtures/smoke_20.tsp,11,110,NA,256,2000,0.03,2,73,117.469,NA,NA,19 4 10 8 9 18 13 14 7 3 17 16 1 2 0 15 12 11 6 5 19,ok,
cuda_ga_b3_reduce,build/CUDA-GA-B3-reduce,cuda_ga_b3_reduce,sequential/tests/fixtures/smoke_20.tsp,11,110,NA,256,2000,0.03,2,73,117.6,NA,NA,19 4 10 8 9 18 13 14 7 3 17 16 1 2 0 15 12 11 6 5 19,ok,
cuda_ga_b3_shuffle,build/CUDA-GA-B3-shuffle,GPU-Pop B1+B2+B3-shuffle,sequential/tests/fixtures/smoke_20.tsp,11,110,NA,256,2000,0.03,2,73,117.662,NA,NA,19 4 10 8 9 18 13 14 7 3 17 16 1 2 0 15 12 11 6 5 19,ok,
cuda_ga_b4_global,build/CUDA-GA-B4-global,cuda_ga_b4_global,sequential/tests/fixtures/smoke_20.tsp,11,110,NA,256,2000,0.03,2,73,117.695,NA,NA,19 4 10 8 9 18 13 14 7 3 17 16 1 2 0 15 12 11 6 5 19,ok,
cuda_ga_b5_bigpop,build/CUDA-GA-B5-bigpop,cuda_ga_b5_bigpop,sequential/tests/fixtures/smoke_20.tsp,11,110,NA,256,2000,0.03,2,73,1683.34,NA,NA,14 7 3 17 16 1 2 0 15 18 9 8 10 4 19 5 6 12 11 13 14,ok,
cuda_ga_c1_stride,build/CUDA-GA-C1-stride,cuda_ga_c1_stride,sequential/tests/fixtures/smoke_20.tsp,11,110,NA,256,2000,0.03,2,73,127.78,NA,NA,19 4 10 8 9 18 15 0 2 1 16 3 17 7 11 12 13 14 6 5 19,ok,
cuda_ga_c2_bitmask,build/CUDA-GA-C2-bitmask,cuda_ga_c2_bitmask,sequential/tests/fixtures/smoke_20.tsp,11,110,NA,256,2000,0.03,2,73,117.321,NA,NA,19 4 10 8 9 18 15 0 2 1 16 3 17 7 11 12 13 14 6 5 19,ok,
cuda_ga_c3_reduce,build/CUDA-GA-C3-reduce,cuda_ga_c3_reduce,sequential/tests/fixtures/smoke_20.tsp,11,110,NA,256,2000,0.03,2,73,118.172,NA,NA,19 4 10 8 9 18 15 0 2 1 16 3 17 7 11 12 13 14 6 5 19,ok,
cuda_ga_c4_global,build/CUDA-GA-C4-global,cuda_ga_c4_global,sequential/tests/fixtures/smoke_20.tsp,11,110,NA,256,2000,0.03,2,73,117.759,NA,NA,19 4 10 8 9 18 15 0 2 1 16 3 17 7 11 12 13 14 6 5 19,ok,
cuda_ga_c5_bigpop,build/CUDA-GA-C5-bigpop,cuda_ga_c5_bigpop,sequential/tests/fixtures/smoke_20.tsp,11,110,NA,256,2000,0.03,2,73,1682.83,NA,NA,15 18 9 8 10 4 19 5 6 14 13 11 12 7 3 17 16 1 2 0 15,ok,
cuda_ga_b4_smem,build/CUDA-GA-B4-smem,GPU-Pop B1+B2+B3-shuffle+B4-smem,sequential/tests/fixtures/smoke_20.tsp,11,110,NA,256,2000,0.03,2,73,117.529,NA,NA,19 4 10 8 9 18 13 14 7 3 17 16 1 2 0 15 12 11 6 5 19,ok,
gpu_naive,build/GPU-Naive,gpu_naive,sequential/tests/fixtures/smoke_20.tsp,12,111,NA,NA,NA,NA,NA,80,0.129706,NA,NA,8 9 18 6 5 19 4 14 13 11 12 15 0 7 3 17 16 1 2 10 8,ok,
cuda_ga,build/CUDA-GA,cuda_ga,sequential/tests/fixtures/smoke_20.tsp,12,111,512,NA,2000,0.03,4,74,564.645,NA,NA,3 17 16 1 2 18 9 8 10 4 19 5 6 14 13 11 12 15 0 7 3,ok,
cuda_ga_no_greedy,build/CUDA-GA-no-greedy,cuda_ga_no_greedy,sequential/tests/fixtures/smoke_20.tsp,12,111,512,NA,2000,0.03,4,74,571.274,NA,NA,8 9 18 15 0 17 3 16 1 2 7 14 13 12 11 6 5 19 4 10 8,ok,
cuda_ga_gpu_pop,build/CUDA-GA-GPU-Pop,GPU-Pop Control,sequential/tests/fixtures/smoke_20.tsp,12,111,NA,256,2000,0.03,2,73,121.289,2000,no,14 13 18 9 8 10 4 19 5 6 11 12 15 0 2 1 16 17 3 7 14,ok,
cuda_ga_gpu_pop_bankconflict,build/CUDA-GA-GPU-Pop-bankconflict,GPU-Pop Bank-Conflict Variant,sequential/tests/fixtures/smoke_20.tsp,12,111,NA,256,2000,0.03,2,73,120.479,2000,no,14 13 18 9 8 10 4 19 5 6 11 12 15 0 2 1 16 17 3 7 14,ok,
cuda_ga_gpu_pop_bitset,build/CUDA-GA-GPU-Pop-bitset,GPU-Pop Bitset Variant,sequential/tests/fixtures/smoke_20.tsp,12,111,NA,256,2000,0.03,2,73,114.979,2000,no,14 13 18 9 8 10 4 19 5 6 11 12 15 0 2 1 16 17 3 7 14,ok,
cuda_ga_gpu_pop_parallel_sort,build/GA-GPU-POP-ParallelSort,GA-GPU-POP-ParallelSort,sequential/tests/fixtures/smoke_20.tsp,12,111,NA,256,2000,0.03,2,73,127.23,NA,NA,13 18 9 8 10 4 19 5 6 11 12 15 0 2 1 16 17 3 7 14 13,ok,
cuda_ga_gpu_pop_aos,build/GA-GPU-POP-AoS,GA-GPU-POP-AoS,sequential/tests/fixtures/smoke_20.tsp,12,111,NA,256,2000,0.03,2,73,627.264,NA,NA,14 13 18 9 8 10 4 19 5 6 11 12 15 0 2 1 16 17 3 7 14,ok,
cuda_ga_gpu_pop_global_dist,build/GA-GPU-POP-GlobalDist,GA-GPU-POP-GlobalDist,sequential/tests/fixtures/smoke_20.tsp,12,111,NA,256,2000,0.03,2,73,149.106,2000,no,14 13 18 9 8 10 4 19 5 6 11 12 15 0 2 1 16 17 3 7 14,ok,
cuda_ga_gpu_pop_verbose_comments,build/GA-GPU-POP-VerboseComments,GA-GPU-POP-VerboseComments,sequential/tests/fixtures/smoke_20.tsp,12,111,NA,256,2000,0.03,2,73,204.717,NA,NA,14 13 18 9 8 10 4 19 5 6 11 12 15 0 2 1 16 17 3 7 14,ok,
cuda_ga_b1_stride,build/CUDA-GA-B1-stride,cuda_ga_b1_stride,sequential/tests/fixtures/smoke_20.tsp,12,111,NA,256,2000,0.03,2,73,125.427,NA,NA,4 10 8 9 18 13 14 7 17 3 16 1 2 0 15 12 11 6 5 19 4,ok,
cuda_ga_b2_bitmask,build/CUDA-GA-B2-bitmask,cuda_ga_b2_bitmask,sequential/tests/fixtures/smoke_20.tsp,12,111,NA,256,2000,0.03,2,73,118.445,NA,NA,4 10 8 9 18 13 14 7 17 3 16 1 2 0 15 12 11 6 5 19 4,ok,
cuda_ga_b3_reduce,build/CUDA-GA-B3-reduce,cuda_ga_b3_reduce,sequential/tests/fixtures/smoke_20.tsp,12,111,NA,256,2000,0.03,2,73,117.557,NA,NA,4 10 8 9 18 13 14 7 17 3 16 1 2 0 15 12 11 6 5 19 4,ok,
cuda_ga_b3_shuffle,build/CUDA-GA-B3-shuffle,GPU-Pop B1+B2+B3-shuffle,sequential/tests/fixtures/smoke_20.tsp,12,111,NA,256,2000,0.03,2,73,118.365,NA,NA,4 10 8 9 18 13 14 7 17 3 16 1 2 0 15 12 11 6 5 19 4,ok,
cuda_ga_b4_global,build/CUDA-GA-B4-global,cuda_ga_b4_global,sequential/tests/fixtures/smoke_20.tsp,12,111,NA,256,2000,0.03,2,73,117.611,NA,NA,4 10 8 9 18 13 14 7 17 3 16 1 2 0 15 12 11 6 5 19 4,ok,
cuda_ga_b5_bigpop,build/CUDA-GA-B5-bigpop,cuda_ga_b5_bigpop,sequential/tests/fixtures/smoke_20.tsp,12,111,NA,256,2000,0.03,2,73,1685.91,NA,NA,0 2 1 16 17 3 7 13 14 6 5 19 4 10 8 9 18 11 12 15 0,ok,
cuda_ga_c1_stride,build/CUDA-GA-C1-stride,cuda_ga_c1_stride,sequential/tests/fixtures/smoke_20.tsp,12,111,NA,256,2000,0.03,2,73,127.893,NA,NA,7 14 13 11 12 6 5 19 4 10 8 9 18 15 0 2 1 16 3 17 7,ok,
cuda_ga_c2_bitmask,build/CUDA-GA-C2-bitmask,cuda_ga_c2_bitmask,sequential/tests/fixtures/smoke_20.tsp,12,111,NA,256,2000,0.03,2,73,119.941,NA,NA,7 14 13 11 12 6 5 19 4 10 8 9 18 15 0 2 1 16 3 17 7,ok,
cuda_ga_c3_reduce,build/CUDA-GA-C3-reduce,cuda_ga_c3_reduce,sequential/tests/fixtures/smoke_20.tsp,12,111,NA,256,2000,0.03,2,73,120.119,NA,NA,7 14 13 11 12 6 5 19 4 10 8 9 18 15 0 2 1 16 3 17 7,ok,
cuda_ga_c4_global,build/CUDA-GA-C4-global,cuda_ga_c4_global,sequential/tests/fixtures/smoke_20.tsp,12,111,NA,256,2000,0.03,2,73,117.857,NA,NA,7 14 13 11 12 6 5 19 4 10 8 9 18 15 0 2 1 16 3 17 7,ok,
cuda_ga_c5_bigpop,build/CUDA-GA-C5-bigpop,cuda_ga_c5_bigpop,sequential/tests/fixtures/smoke_20.tsp,12,111,NA,256,2000,0.03,2,73,1684.95,NA,NA,5 19 4 10 8 9 18 15 0 2 1 16 17 3 7 14 13 12 11 6 5,ok,
cuda_ga_b4_smem,build/CUDA-GA-B4-smem,GPU-Pop B1+B2+B3-shuffle+B4-smem,sequential/tests/fixtures/smoke_20.tsp,12,111,NA,256,2000,0.03,2,73,119.414,NA,NA,4 10 8 9 18 13 14 7 17 3 16 1 2 0 15 12 11 6 5 19 4,ok,
gpu_naive,build/GPU-Naive,gpu_naive,sequential/tests/fixtures/smoke_20.tsp,13,112,NA,NA,NA,NA,NA,80,0.132259,NA,NA,8 9 18 6 5 19 4 14 13 11 12 15 0 7 3 17 16 1 2 10 8,ok,
cuda_ga,build/CUDA-GA,cuda_ga,sequential/tests/fixtures/smoke_20.tsp,13,112,512,NA,2000,0.03,4,75,563.24,NA,NA,15 0 7 3 17 16 1 2 9 18 6 5 19 8 10 4 14 13 11 12 15,ok,
cuda_ga_no_greedy,build/CUDA-GA-no-greedy,cuda_ga_no_greedy,sequential/tests/fixtures/smoke_20.tsp,13,112,512,NA,2000,0.03,4,73,566.864,NA,NA,11 6 18 9 8 10 4 19 5 14 13 7 3 17 16 1 2 0 15 12 11,ok,
cuda_ga_gpu_pop,build/CUDA-GA-GPU-Pop,GPU-Pop Control,sequential/tests/fixtures/smoke_20.tsp,13,112,NA,256,2000,0.03,2,73,121.456,2000,no,3 17 16 1 2 0 15 18 9 8 10 4 19 5 6 14 13 11 12 7 3,ok,
cuda_ga_gpu_pop_bankconflict,build/CUDA-GA-GPU-Pop-bankconflict,GPU-Pop Bank-Conflict Variant,sequential/tests/fixtures/smoke_20.tsp,13,112,NA,256,2000,0.03,2,73,120.343,2000,no,3 17 16 1 2 0 15 18 9 8 10 4 19 5 6 14 13 11 12 7 3,ok,
cuda_ga_gpu_pop_bitset,build/CUDA-GA-GPU-Pop-bitset,GPU-Pop Bitset Variant,sequential/tests/fixtures/smoke_20.tsp,13,112,NA,256,2000,0.03,2,73,114.982,2000,no,3 17 16 1 2 0 15 18 9 8 10 4 19 5 6 14 13 11 12 7 3,ok,
cuda_ga_gpu_pop_parallel_sort,build/GA-GPU-POP-ParallelSort,GA-GPU-POP-ParallelSort,sequential/tests/fixtures/smoke_20.tsp,13,112,NA,256,2000,0.03,2,73,125.565,NA,NA,0 2 1 16 3 17 7 14 5 19 4 10 8 9 18 6 13 11 12 15 0,ok,
cuda_ga_gpu_pop_aos,build/GA-GPU-POP-AoS,GA-GPU-POP-AoS,sequential/tests/fixtures/smoke_20.tsp,13,112,NA,256,2000,0.03,2,73,626.315,NA,NA,3 17 16 1 2 0 15 18 9 8 10 4 19 5 6 14 13 11 12 7 3,ok,
cuda_ga_gpu_pop_global_dist,build/GA-GPU-POP-GlobalDist,GA-GPU-POP-GlobalDist,sequential/tests/fixtures/smoke_20.tsp,13,112,NA,256,2000,0.03,2,73,148.854,2000,no,3 17 16 1 2 0 15 18 9 8 10 4 19 5 6 14 13 11 12 7 3,ok,
cuda_ga_gpu_pop_verbose_comments,build/GA-GPU-POP-VerboseComments,GA-GPU-POP-VerboseComments,sequential/tests/fixtures/smoke_20.tsp,13,112,NA,256,2000,0.03,2,73,204.419,NA,NA,3 17 16 1 2 0 15 18 9 8 10 4 19 5 6 14 13 11 12 7 3,ok,
cuda_ga_b1_stride,build/CUDA-GA-B1-stride,cuda_ga_b1_stride,sequential/tests/fixtures/smoke_20.tsp,13,112,NA,256,2000,0.03,2,73,124.99,NA,NA,10 8 9 18 13 11 12 15 0 2 1 16 17 3 7 14 6 5 19 4 10,ok,
cuda_ga_b2_bitmask,build/CUDA-GA-B2-bitmask,cuda_ga_b2_bitmask,sequential/tests/fixtures/smoke_20.tsp,13,112,NA,256,2000,0.03,2,73,117.418,NA,NA,10 8 9 18 13 11 12 15 0 2 1 16 17 3 7 14 6 5 19 4 10,ok,
cuda_ga_b3_reduce,build/CUDA-GA-B3-reduce,cuda_ga_b3_reduce,sequential/tests/fixtures/smoke_20.tsp,13,112,NA,256,2000,0.03,2,73,117.441,NA,NA,10 8 9 18 13 11 12 15 0 2 1 16 17 3 7 14 6 5 19 4 10,ok,
cuda_ga_b3_shuffle,build/CUDA-GA-B3-shuffle,GPU-Pop B1+B2+B3-shuffle,sequential/tests/fixtures/smoke_20.tsp,13,112,NA,256,2000,0.03,2,73,118.255,NA,NA,10 8 9 18 13 11 12 15 0 2 1 16 17 3 7 14 6 5 19 4 10,ok,
cuda_ga_b4_global,build/CUDA-GA-B4-global,cuda_ga_b4_global,sequential/tests/fixtures/smoke_20.tsp,13,112,NA,256,2000,0.03,2,73,118.066,NA,NA,10 8 9 18 13 11 12 15 0 2 1 16 17 3 7 14 6 5 19 4 10,ok,
cuda_ga_b5_bigpop,build/CUDA-GA-B5-bigpop,cuda_ga_b5_bigpop,sequential/tests/fixtures/smoke_20.tsp,13,112,NA,256,2000,0.03,2,73,1683.92,NA,NA,1 2 0 15 18 9 8 10 4 19 5 6 14 13 11 12 7 3 17 16 1,ok,
cuda_ga_c1_stride,build/CUDA-GA-C1-stride,cuda_ga_c1_stride,sequential/tests/fixtures/smoke_20.tsp,13,112,NA,256,2000,0.03,2,73,125.683,NA,NA,19 5 6 14 13 11 12 7 17 3 16 1 2 0 15 18 9 8 10 4 19,ok,
cuda_ga_c2_bitmask,build/CUDA-GA-C2-bitmask,cuda_ga_c2_bitmask,sequential/tests/fixtures/smoke_20.tsp,13,112,NA,256,2000,0.03,2,73,117.319,NA,NA,19 5 6 14 13 11 12 7 17 3 16 1 2 0 15 18 9 8 10 4 19,ok,
cuda_ga_c3_reduce,build/CUDA-GA-C3-reduce,cuda_ga_c3_reduce,sequential/tests/fixtures/smoke_20.tsp,13,112,NA,256,2000,0.03,2,73,117.135,NA,NA,19 5 6 14 13 11 12 7 17 3 16 1 2 0 15 18 9 8 10 4 19,ok,
cuda_ga_c4_global,build/CUDA-GA-C4-global,cuda_ga_c4_global,sequential/tests/fixtures/smoke_20.tsp,13,112,NA,256,2000,0.03,2,73,117.514,NA,NA,19 5 6 14 13 11 12 7 17 3 16 1 2 0 15 18 9 8 10 4 19,ok,
cuda_ga_c5_bigpop,build/CUDA-GA-C5-bigpop,cuda_ga_c5_bigpop,sequential/tests/fixtures/smoke_20.tsp,13,112,NA,256,2000,0.03,2,73,1684.53,NA,NA,18 15 0 2 1 16 3 17 7 12 11 13 14 6 5 19 4 10 8 9 18,ok,
cuda_ga_b4_smem,build/CUDA-GA-B4-smem,GPU-Pop B1+B2+B3-shuffle+B4-smem,sequential/tests/fixtures/smoke_20.tsp,13,112,NA,256,2000,0.03,2,73,119.117,NA,NA,10 8 9 18 13 11 12 15 0 2 1 16 17 3 7 14 6 5 19 4 10,ok,
gpu_naive,build/GPU-Naive,gpu_naive,sequential/tests/fixtures/smoke_20.tsp,14,113,NA,NA,NA,NA,NA,80,0.130306,NA,NA,8 9 18 6 5 19 4 14 13 11 12 15 0 7 3 17 16 1 2 10 8,ok,
cuda_ga,build/CUDA-GA,cuda_ga,sequential/tests/fixtures/smoke_20.tsp,14,113,512,NA,2000,0.03,4,75,569.778,NA,NA,7 3 17 16 1 2 9 18 6 5 19 8 10 4 14 13 11 12 15 0 7,ok,
cuda_ga_no_greedy,build/CUDA-GA-no-greedy,cuda_ga_no_greedy,sequential/tests/fixtures/smoke_20.tsp,14,113,512,NA,2000,0.03,4,73,566.686,NA,NA,1 16 3 17 7 12 11 13 14 6 5 19 4 10 8 9 18 15 0 2 1,ok,
cuda_ga_gpu_pop,build/CUDA-GA-GPU-Pop,GPU-Pop Control,sequential/tests/fixtures/smoke_20.tsp,14,113,NA,256,2000,0.03,2,73,121.288,2000,no,7 3 17 16 1 2 0 15 18 9 8 10 4 19 5 6 14 13 11 12 7,ok,
cuda_ga_gpu_pop_bankconflict,build/CUDA-GA-GPU-Pop-bankconflict,GPU-Pop Bank-Conflict Variant,sequential/tests/fixtures/smoke_20.tsp,14,113,NA,256,2000,0.03,2,73,120.409,2000,no,7 3 17 16 1 2 0 15 18 9 8 10 4 19 5 6 14 13 11 12 7,ok,
cuda_ga_gpu_pop_bitset,build/CUDA-GA-GPU-Pop-bitset,GPU-Pop Bitset Variant,sequential/tests/fixtures/smoke_20.tsp,14,113,NA,256,2000,0.03,2,73,114.975,2000,no,7 3 17 16 1 2 0 15 18 9 8 10 4 19 5 6 14 13 11 12 7,ok,
cuda_ga_gpu_pop_parallel_sort,build/GA-GPU-POP-ParallelSort,GA-GPU-POP-ParallelSort,sequential/tests/fixtures/smoke_20.tsp,14,113,NA,256,2000,0.03,2,73,127.437,NA,NA,7 3 17 16 1 2 0 15 18 9 8 10 4 19 5 6 14 13 11 12 7,ok,
cuda_ga_gpu_pop_aos,build/GA-GPU-POP-AoS,GA-GPU-POP-AoS,sequential/tests/fixtures/smoke_20.tsp,14,113,NA,256,2000,0.03,2,73,627.306,NA,NA,7 3 17 16 1 2 0 15 18 9 8 10 4 19 5 6 14 13 11 12 7,ok,
cuda_ga_gpu_pop_global_dist,build/GA-GPU-POP-GlobalDist,GA-GPU-POP-GlobalDist,sequential/tests/fixtures/smoke_20.tsp,14,113,NA,256,2000,0.03,2,73,148.841,2000,no,7 3 17 16 1 2 0 15 18 9 8 10 4 19 5 6 14 13 11 12 7,ok,
cuda_ga_gpu_pop_verbose_comments,build/GA-GPU-POP-VerboseComments,GA-GPU-POP-VerboseComments,sequential/tests/fixtures/smoke_20.tsp,14,113,NA,256,2000,0.03,2,73,204.098,NA,NA,7 3 17 16 1 2 0 15 18 9 8 10 4 19 5 6 14 13 11 12 7,ok,
cuda_ga_b1_stride,build/CUDA-GA-B1-stride,cuda_ga_b1_stride,sequential/tests/fixtures/smoke_20.tsp,14,113,NA,256,2000,0.03,2,73,126.134,NA,NA,3 16 1 2 0 15 12 11 18 9 8 10 4 19 5 6 14 13 7 17 3,ok,
cuda_ga_b2_bitmask,build/CUDA-GA-B2-bitmask,cuda_ga_b2_bitmask,sequential/tests/fixtures/smoke_20.tsp,14,113,NA,256,2000,0.03,2,73,118.256,NA,NA,3 16 1 2 0 15 12 11 18 9 8 10 4 19 5 6 14 13 7 17 3,ok,
cuda_ga_b3_reduce,build/CUDA-GA-B3-reduce,cuda_ga_b3_reduce,sequential/tests/fixtures/smoke_20.tsp,14,113,NA,256,2000,0.03,2,73,117.371,NA,NA,3 16 1 2 0 15 12 11 18 9 8 10 4 19 5 6 14 13 7 17 3,ok,
cuda_ga_b3_shuffle,build/CUDA-GA-B3-shuffle,GPU-Pop B1+B2+B3-shuffle,sequential/tests/fixtures/smoke_20.tsp,14,113,NA,256,2000,0.03,2,73,117.627,NA,NA,3 16 1 2 0 15 12 11 18 9 8 10 4 19 5 6 14 13 7 17 3,ok,
cuda_ga_b4_global,build/CUDA-GA-B4-global,cuda_ga_b4_global,sequential/tests/fixtures/smoke_20.tsp,14,113,NA,256,2000,0.03,2,73,118.123,NA,NA,3 16 1 2 0 15 12 11 18 9 8 10 4 19 5 6 14 13 7 17 3,ok,
cuda_ga_b5_bigpop,build/CUDA-GA-B5-bigpop,cuda_ga_b5_bigpop,sequential/tests/fixtures/smoke_20.tsp,14,113,NA,256,2000,0.03,2,73,1682.56,NA,NA,10 4 19 5 6 11 12 15 0 2 1 16 3 17 7 14 13 18 9 8 10,ok,
cuda_ga_c1_stride,build/CUDA-GA-C1-stride,cuda_ga_c1_stride,sequential/tests/fixtures/smoke_20.tsp,14,113,NA,256,2000,0.03,2,73,125.804,NA,NA,3 17 7 13 14 5 19 4 10 8 9 18 6 11 12 15 0 2 1 16 3,ok,
cuda_ga_c2_bitmask,build/CUDA-GA-C2-bitmask,cuda_ga_c2_bitmask,sequential/tests/fixtures/smoke_20.tsp,14,113,NA,256,2000,0.03,2,73,118.497,NA,NA,3 17 7 13 14 5 19 4 10 8 9 18 6 11 12 15 0 2 1 16 3,ok,
cuda_ga_c3_reduce,build/CUDA-GA-C3-reduce,cuda_ga_c3_reduce,sequential/tests/fixtures/smoke_20.tsp,14,113,NA,256,2000,0.03,2,73,117.227,NA,NA,3 17 7 13 14 5 19 4 10 8 9 18 6 11 12 15 0 2 1 16 3,ok,
cuda_ga_c4_global,build/CUDA-GA-C4-global,cuda_ga_c4_global,sequential/tests/fixtures/smoke_20.tsp,14,113,NA,256,2000,0.03,2,73,119.844,NA,NA,3 17 7 13 14 5 19 4 10 8 9 18 6 11 12 15 0 2 1 16 3,ok,
cuda_ga_c5_bigpop,build/CUDA-GA-C5-bigpop,cuda_ga_c5_bigpop,sequential/tests/fixtures/smoke_20.tsp,14,113,NA,256,2000,0.03,2,73,1683.33,NA,NA,3 16 1 2 0 15 12 11 6 18 9 8 10 4 19 5 14 13 7 17 3,ok,
cuda_ga_b4_smem,build/CUDA-GA-B4-smem,GPU-Pop B1+B2+B3-shuffle+B4-smem,sequential/tests/fixtures/smoke_20.tsp,14,113,NA,256,2000,0.03,2,73,117.725,NA,NA,3 16 1 2 0 15 12 11 18 9 8 10 4 19 5 6 14 13 7 17 3,ok,
gpu_naive,build/GPU-Naive,gpu_naive,sequential/tests/fixtures/smoke_20.tsp,15,114,NA,NA,NA,NA,NA,80,0.130626,NA,NA,8 9 18 6 5 19 4 14 13 11 12 15 0 7 3 17 16 1 2 10 8,ok,
cuda_ga,build/CUDA-GA,cuda_ga,sequential/tests/fixtures/smoke_20.tsp,15,114,512,NA,2000,0.03,4,75,565.314,NA,NA,4 14 13 11 12 15 0 7 3 17 16 1 2 9 18 6 5 19 8 10 4,ok,
cuda_ga_no_greedy,build/CUDA-GA-no-greedy,cuda_ga_no_greedy,sequential/tests/fixtures/smoke_20.tsp,15,114,512,NA,2000,0.03,4,73,567.26,NA,NA,12 15 0 2 1 16 3 17 7 14 5 19 4 10 8 9 18 6 13 11 12,ok,
cuda_ga_gpu_pop,build/CUDA-GA-GPU-Pop,GPU-Pop Control,sequential/tests/fixtures/smoke_20.tsp,15,114,NA,256,2000,0.03,2,73,121.263,2000,no,8 9 18 6 11 12 15 0 2 1 16 3 17 7 13 14 5 19 4 10 8,ok,
cuda_ga_gpu_pop_bankconflict,build/CUDA-GA-GPU-Pop-bankconflict,GPU-Pop Bank-Conflict Variant,sequential/tests/fixtures/smoke_20.tsp,15,114,NA,256,2000,0.03,2,73,120.442,2000,no,8 9 18 6 11 12 15 0 2 1 16 3 17 7 13 14 5 19 4 10 8,ok,
cuda_ga_gpu_pop_bitset,build/CUDA-GA-GPU-Pop-bitset,GPU-Pop Bitset Variant,sequential/tests/fixtures/smoke_20.tsp,15,114,NA,256,2000,0.03,2,73,115.22,2000,no,8 9 18 6 11 12 15 0 2 1 16 3 17 7 13 14 5 19 4 10 8,ok,
cuda_ga_gpu_pop_parallel_sort,build/GA-GPU-POP-ParallelSort,GA-GPU-POP-ParallelSort,sequential/tests/fixtures/smoke_20.tsp,15,114,NA,256,2000,0.03,2,73,125.686,NA,NA,8 9 18 6 11 12 15 0 2 1 16 3 17 7 13 14 5 19 4 10 8,ok,
cuda_ga_gpu_pop_aos,build/GA-GPU-POP-AoS,GA-GPU-POP-AoS,sequential/tests/fixtures/smoke_20.tsp,15,114,NA,256,2000,0.03,2,73,626.935,NA,NA,8 9 18 6 11 12 15 0 2 1 16 3 17 7 13 14 5 19 4 10 8,ok,
cuda_ga_gpu_pop_global_dist,build/GA-GPU-POP-GlobalDist,GA-GPU-POP-GlobalDist,sequential/tests/fixtures/smoke_20.tsp,15,114,NA,256,2000,0.03,2,73,148.936,2000,no,8 9 18 6 11 12 15 0 2 1 16 3 17 7 13 14 5 19 4 10 8,ok,
cuda_ga_gpu_pop_verbose_comments,build/GA-GPU-POP-VerboseComments,GA-GPU-POP-VerboseComments,sequential/tests/fixtures/smoke_20.tsp,15,114,NA,256,2000,0.03,2,73,205.767,NA,NA,8 9 18 6 11 12 15 0 2 1 16 3 17 7 13 14 5 19 4 10 8,ok,
cuda_ga_b1_stride,build/CUDA-GA-B1-stride,cuda_ga_b1_stride,sequential/tests/fixtures/smoke_20.tsp,15,114,NA,256,2000,0.03,2,73,127.319,NA,NA,16 1 2 0 15 18 9 8 10 4 19 5 6 14 13 12 11 7 17 3 16,ok,
cuda_ga_b2_bitmask,build/CUDA-GA-B2-bitmask,cuda_ga_b2_bitmask,sequential/tests/fixtures/smoke_20.tsp,15,114,NA,256,2000,0.03,2,73,118.443,NA,NA,16 1 2 0 15 18 9 8 10 4 19 5 6 14 13 12 11 7 17 3 16,ok,
cuda_ga_b3_reduce,build/CUDA-GA-B3-reduce,cuda_ga_b3_reduce,sequential/tests/fixtures/smoke_20.tsp,15,114,NA,256,2000,0.03,2,73,117.045,NA,NA,16 1 2 0 15 18 9 8 10 4 19 5 6 14 13 12 11 7 17 3 16,ok,
cuda_ga_b3_shuffle,build/CUDA-GA-B3-shuffle,GPU-Pop B1+B2+B3-shuffle,sequential/tests/fixtures/smoke_20.tsp,15,114,NA,256,2000,0.03,2,73,119.16,NA,NA,16 1 2 0 15 18 9 8 10 4 19 5 6 14 13 12 11 7 17 3 16,ok,
cuda_ga_b4_global,build/CUDA-GA-B4-global,cuda_ga_b4_global,sequential/tests/fixtures/smoke_20.tsp,15,114,NA,256,2000,0.03,2,73,117.769,NA,NA,16 1 2 0 15 18 9 8 10 4 19 5 6 14 13 12 11 7 17 3 16,ok,
cuda_ga_b5_bigpop,build/CUDA-GA-B5-bigpop,cuda_ga_b5_bigpop,sequential/tests/fixtures/smoke_20.tsp,15,114,NA,256,2000,0.03,2,73,1686.08,NA,NA,7 17 3 16 1 2 0 15 12 11 13 6 18 9 8 10 4 19 5 14 7,ok,
cuda_ga_c1_stride,build/CUDA-GA-C1-stride,cuda_ga_c1_stride,sequential/tests/fixtures/smoke_20.tsp,15,114,NA,256,2000,0.03,2,73,127,NA,NA,7 17 3 16 1 2 0 15 12 11 6 18 9 8 10 4 19 5 14 13 7,ok,
cuda_ga_c2_bitmask,build/CUDA-GA-C2-bitmask,cuda_ga_c2_bitmask,sequential/tests/fixtures/smoke_20.tsp,15,114,NA,256,2000,0.03,2,73,119.82,NA,NA,7 17 3 16 1 2 0 15 12 11 6 18 9 8 10 4 19 5 14 13 7,ok,
cuda_ga_c3_reduce,build/CUDA-GA-C3-reduce,cuda_ga_c3_reduce,sequential/tests/fixtures/smoke_20.tsp,15,114,NA,256,2000,0.03,2,73,117.516,NA,NA,7 17 3 16 1 2 0 15 12 11 6 18 9 8 10 4 19 5 14 13 7,ok,
cuda_ga_c4_global,build/CUDA-GA-C4-global,cuda_ga_c4_global,sequential/tests/fixtures/smoke_20.tsp,15,114,NA,256,2000,0.03,2,73,119.301,NA,NA,7 17 3 16 1 2 0 15 12 11 6 18 9 8 10 4 19 5 14 13 7,ok,
cuda_ga_c5_bigpop,build/CUDA-GA-C5-bigpop,cuda_ga_c5_bigpop,sequential/tests/fixtures/smoke_20.tsp,15,114,NA,256,2000,0.03,2,73,1682.53,NA,NA,16 1 2 0 15 12 11 13 18 9 8 10 4 19 5 6 14 7 17 3 16,ok,
cuda_ga_b4_smem,build/CUDA-GA-B4-smem,GPU-Pop B1+B2+B3-shuffle+B4-smem,sequential/tests/fixtures/smoke_20.tsp,15,114,NA,256,2000,0.03,2,73,119.943,NA,NA,16 1 2 0 15 18 9 8 10 4 19 5 6 14 13 12 11 7 17 3 16,ok,
gpu_naive,build/GPU-Naive,gpu_naive,sequential/tests/fixtures/smoke_20.tsp,16,115,NA,NA,NA,NA,NA,80,0.138913,NA,NA,8 9 18 6 5 19 4 14 13 11 12 15 0 7 3 17 16 1 2 10 8,ok,
cuda_ga,build/CUDA-GA,cuda_ga,sequential/tests/fixtures/smoke_20.tsp,16,115,512,NA,2000,0.03,4,74,564.631,NA,NA,7 14 6 5 19 4 10 8 9 18 13 11 12 15 0 3 17 16 1 2 7,ok,
cuda_ga_no_greedy,build/CUDA-GA-no-greedy,cuda_ga_no_greedy,sequential/tests/fixtures/smoke_20.tsp,16,115,512,NA,2000,0.03,4,73,566.279,NA,NA,5 19 4 10 8 9 18 15 0 2 1 16 3 17 7 12 11 13 14 6 5,ok,
cuda_ga_gpu_pop,build/CUDA-GA-GPU-Pop,GPU-Pop Control,sequential/tests/fixtures/smoke_20.tsp,16,115,NA,256,2000,0.03,2,73,121.381,2000,no,16 3 17 7 14 13 6 5 19 4 10 8 9 18 11 12 15 0 2 1 16,ok,
cuda_ga_gpu_pop_bankconflict,build/CUDA-GA-GPU-Pop-bankconflict,GPU-Pop Bank-Conflict Variant,sequential/tests/fixtures/smoke_20.tsp,16,115,NA,256,2000,0.03,2,73,120.475,2000,no,16 3 17 7 14 13 6 5 19 4 10 8 9 18 11 12 15 0 2 1 16,ok,
cuda_ga_gpu_pop_bitset,build/CUDA-GA-GPU-Pop-bitset,GPU-Pop Bitset Variant,sequential/tests/fixtures/smoke_20.tsp,16,115,NA,256,2000,0.03,2,73,115.219,2000,no,16 3 17 7 14 13 6 5 19 4 10 8 9 18 11 12 15 0 2 1 16,ok,
cuda_ga_gpu_pop_parallel_sort,build/GA-GPU-POP-ParallelSort,GA-GPU-POP-ParallelSort,sequential/tests/fixtures/smoke_20.tsp,16,115,NA,256,2000,0.03,2,73,126.153,NA,NA,16 3 17 7 14 13 6 5 19 4 10 8 9 18 11 12 15 0 2 1 16,ok,
cuda_ga_gpu_pop_aos,build/GA-GPU-POP-AoS,GA-GPU-POP-AoS,sequential/tests/fixtures/smoke_20.tsp,16,115,NA,256,2000,0.03,2,73,625.717,NA,NA,16 3 17 7 14 13 6 5 19 4 10 8 9 18 11 12 15 0 2 1 16,ok,
cuda_ga_gpu_pop_global_dist,build/GA-GPU-POP-GlobalDist,GA-GPU-POP-GlobalDist,sequential/tests/fixtures/smoke_20.tsp,16,115,NA,256,2000,0.03,2,73,149.058,2000,no,16 3 17 7 14 13 6 5 19 4 10 8 9 18 11 12 15 0 2 1 16,ok,
cuda_ga_gpu_pop_verbose_comments,build/GA-GPU-POP-VerboseComments,GA-GPU-POP-VerboseComments,sequential/tests/fixtures/smoke_20.tsp,16,115,NA,256,2000,0.03,2,73,206.022,NA,NA,16 3 17 7 14 13 6 5 19 4 10 8 9 18 11 12 15 0 2 1 16,ok,
cuda_ga_b1_stride,build/CUDA-GA-B1-stride,cuda_ga_b1_stride,sequential/tests/fixtures/smoke_20.tsp,16,115,NA,256,2000,0.03,2,73,125.112,NA,NA,14 7 17 3 16 1 2 0 15 12 11 13 6 18 9 8 10 4 19 5 14,ok,
cuda_ga_b2_bitmask,build/CUDA-GA-B2-bitmask,cuda_ga_b2_bitmask,sequential/tests/fixtures/smoke_20.tsp,16,115,NA,256,2000,0.03,2,73,117.255,NA,NA,14 7 17 3 16 1 2 0 15 12 11 13 6 18 9 8 10 4 19 5 14,ok,
cuda_ga_b3_reduce,build/CUDA-GA-B3-reduce,cuda_ga_b3_reduce,sequential/tests/fixtures/smoke_20.tsp,16,115,NA,256,2000,0.03,2,73,117.719,NA,NA,14 7 17 3 16 1 2 0 15 12 11 13 6 18 9 8 10 4 19 5 14,ok,
cuda_ga_b3_shuffle,build/CUDA-GA-B3-shuffle,GPU-Pop B1+B2+B3-shuffle,sequential/tests/fixtures/smoke_20.tsp,16,115,NA,256,2000,0.03,2,73,118.098,NA,NA,14 7 17 3 16 1 2 0 15 12 11 13 6 18 9 8 10 4 19 5 14,ok,
cuda_ga_b4_global,build/CUDA-GA-B4-global,cuda_ga_b4_global,sequential/tests/fixtures/smoke_20.tsp,16,115,NA,256,2000,0.03,2,73,117.575,NA,NA,14 7 17 3 16 1 2 0 15 12 11 13 6 18 9 8 10 4 19 5 14,ok,
cuda_ga_b5_bigpop,build/CUDA-GA-B5-bigpop,cuda_ga_b5_bigpop,sequential/tests/fixtures/smoke_20.tsp,16,115,NA,256,2000,0.03,2,73,1683.25,NA,NA,10 4 19 5 6 14 13 11 12 7 17 3 16 1 2 0 15 18 9 8 10,ok,
cuda_ga_c1_stride,build/CUDA-GA-C1-stride,cuda_ga_c1_stride,sequential/tests/fixtures/smoke_20.tsp,16,115,NA,256,2000,0.03,2,73,126.484,NA,NA,16 17 3 7 14 6 5 19 4 10 8 9 18 13 11 12 15 0 2 1 16,ok,
cuda_ga_c2_bitmask,build/CUDA-GA-C2-bitmask,cuda_ga_c2_bitmask,sequential/tests/fixtures/smoke_20.tsp,16,115,NA,256,2000,0.03,2,73,118.691,NA,NA,16 17 3 7 14 6 5 19 4 10 8 9 18 13 11 12 15 0 2 1 16,ok,
cuda_ga_c3_reduce,build/CUDA-GA-C3-reduce,cuda_ga_c3_reduce,sequential/tests/fixtures/smoke_20.tsp,16,115,NA,256,2000,0.03,2,73,117.038,NA,NA,16 17 3 7 14 6 5 19 4 10 8 9 18 13 11 12 15 0 2 1 16,ok,
cuda_ga_c4_global,build/CUDA-GA-C4-global,cuda_ga_c4_global,sequential/tests/fixtures/smoke_20.tsp,16,115,NA,256,2000,0.03,2,73,119.376,NA,NA,16 17 3 7 14 6 5 19 4 10 8 9 18 13 11 12 15 0 2 1 16,ok,
cuda_ga_c5_bigpop,build/CUDA-GA-C5-bigpop,cuda_ga_c5_bigpop,sequential/tests/fixtures/smoke_20.tsp,16,115,NA,256,2000,0.03,2,73,1684.24,NA,NA,7 11 12 13 14 6 5 19 4 10 8 9 18 15 0 2 1 16 17 3 7,ok,
cuda_ga_b4_smem,build/CUDA-GA-B4-smem,GPU-Pop B1+B2+B3-shuffle+B4-smem,sequential/tests/fixtures/smoke_20.tsp,16,115,NA,256,2000,0.03,2,73,118.108,NA,NA,14 7 17 3 16 1 2 0 15 12 11 13 6 18 9 8 10 4 19 5 14,ok,
gpu_naive,build/GPU-Naive,gpu_naive,sequential/tests/fixtures/smoke_20.tsp,17,116,NA,NA,NA,NA,NA,80,0.126451,NA,NA,8 9 18 6 5 19 4 14 13 11 12 15 0 7 3 17 16 1 2 10 8,ok,
cuda_ga,build/CUDA-GA,cuda_ga,sequential/tests/fixtures/smoke_20.tsp,17,116,512,NA,2000,0.03,4,75,561.42,NA,NA,0 7 3 17 16 1 2 9 18 6 5 19 8 10 4 14 13 11 12 15 0,ok,
cuda_ga_no_greedy,build/CUDA-GA-no-greedy,cuda_ga_no_greedy,sequential/tests/fixtures/smoke_20.tsp,17,116,512,NA,2000,0.03,4,74,565.338,NA,NA,16 1 2 0 13 14 6 5 19 4 10 8 9 18 11 12 15 7 17 3 16,ok,
cuda_ga_gpu_pop,build/CUDA-GA-GPU-Pop,GPU-Pop Control,sequential/tests/fixtures/smoke_20.tsp,17,116,NA,256,2000,0.03,2,73,121.391,2000,no,7 14 6 5 19 4 10 8 9 18 13 11 12 15 0 2 1 16 3 17 7,ok,
cuda_ga_gpu_pop_bankconflict,build/CUDA-GA-GPU-Pop-bankconflict,GPU-Pop Bank-Conflict Variant,sequential/tests/fixtures/smoke_20.tsp,17,116,NA,256,2000,0.03,2,73,120.486,2000,no,7 14 6 5 19 4 10 8 9 18 13 11 12 15 0 2 1 16 3 17 7,ok,
cuda_ga_gpu_pop_bitset,build/CUDA-GA-GPU-Pop-bitset,GPU-Pop Bitset Variant,sequential/tests/fixtures/smoke_20.tsp,17,116,NA,256,2000,0.03,2,73,115.116,2000,no,7 14 6 5 19 4 10 8 9 18 13 11 12 15 0 2 1 16 3 17 7,ok,
cuda_ga_gpu_pop_parallel_sort,build/GA-GPU-POP-ParallelSort,GA-GPU-POP-ParallelSort,sequential/tests/fixtures/smoke_20.tsp,17,116,NA,256,2000,0.03,2,73,125.677,NA,NA,7 14 6 5 19 4 10 8 9 18 13 11 12 15 0 2 1 16 3 17 7,ok,
cuda_ga_gpu_pop_aos,build/GA-GPU-POP-AoS,GA-GPU-POP-AoS,sequential/tests/fixtures/smoke_20.tsp,17,116,NA,256,2000,0.03,2,73,625.779,NA,NA,7 14 6 5 19 4 10 8 9 18 13 11 12 15 0 2 1 16 3 17 7,ok,
cuda_ga_gpu_pop_global_dist,build/GA-GPU-POP-GlobalDist,GA-GPU-POP-GlobalDist,sequential/tests/fixtures/smoke_20.tsp,17,116,NA,256,2000,0.03,2,73,149.129,2000,no,7 14 6 5 19 4 10 8 9 18 13 11 12 15 0 2 1 16 3 17 7,ok,
cuda_ga_gpu_pop_verbose_comments,build/GA-GPU-POP-VerboseComments,GA-GPU-POP-VerboseComments,sequential/tests/fixtures/smoke_20.tsp,17,116,NA,256,2000,0.03,2,73,204.01,NA,NA,7 14 6 5 19 4 10 8 9 18 13 11 12 15 0 2 1 16 3 17 7,ok,
cuda_ga_b1_stride,build/CUDA-GA-B1-stride,cuda_ga_b1_stride,sequential/tests/fixtures/smoke_20.tsp,17,116,NA,256,2000,0.03,2,73,124.712,NA,NA,16 1 2 0 15 12 11 6 5 19 4 10 8 9 18 13 14 7 3 17 16,ok,
cuda_ga_b2_bitmask,build/CUDA-GA-B2-bitmask,cuda_ga_b2_bitmask,sequential/tests/fixtures/smoke_20.tsp,17,116,NA,256,2000,0.03,2,73,116.911,NA,NA,16 1 2 0 15 12 11 6 5 19 4 10 8 9 18 13 14 7 3 17 16,ok,
cuda_ga_b3_reduce,build/CUDA-GA-B3-reduce,cuda_ga_b3_reduce,sequential/tests/fixtures/smoke_20.tsp,17,116,NA,256,2000,0.03,2,73,117.378,NA,NA,16 1 2 0 15 12 11 6 5 19 4 10 8 9 18 13 14 7 3 17 16,ok,
cuda_ga_b3_shuffle,build/CUDA-GA-B3-shuffle,GPU-Pop B1+B2+B3-shuffle,sequential/tests/fixtures/smoke_20.tsp,17,116,NA,256,2000,0.03,2,73,117.123,NA,NA,16 1 2 0 15 12 11 6 5 19 4 10 8 9 18 13 14 7 3 17 16,ok,
cuda_ga_b4_global,build/CUDA-GA-B4-global,cuda_ga_b4_global,sequential/tests/fixtures/smoke_20.tsp,17,116,NA,256,2000,0.03,2,73,117.447,NA,NA,16 1 2 0 15 12 11 6 5 19 4 10 8 9 18 13 14 7 3 17 16,ok,
cuda_ga_b5_bigpop,build/CUDA-GA-B5-bigpop,cuda_ga_b5_bigpop,sequential/tests/fixtures/smoke_20.tsp,17,116,NA,256,2000,0.03,2,73,1684.92,NA,NA,5 19 4 10 8 9 18 15 0 2 1 16 17 3 7 11 12 13 14 6 5,ok,
cuda_ga_c1_stride,build/CUDA-GA-C1-stride,cuda_ga_c1_stride,sequential/tests/fixtures/smoke_20.tsp,17,116,NA,256,2000,0.03,2,73,126.908,NA,NA,1 2 0 15 12 11 18 9 8 10 4 19 5 6 13 14 7 3 17 16 1,ok,
cuda_ga_c2_bitmask,build/CUDA-GA-C2-bitmask,cuda_ga_c2_bitmask,sequential/tests/fixtures/smoke_20.tsp,17,116,NA,256,2000,0.03,2,73,118.333,NA,NA,1 2 0 15 12 11 18 9 8 10 4 19 5 6 13 14 7 3 17 16 1,ok,
cuda_ga_c3_reduce,build/CUDA-GA-C3-reduce,cuda_ga_c3_reduce,sequential/tests/fixtures/smoke_20.tsp,17,116,NA,256,2000,0.03,2,73,118.049,NA,NA,1 2 0 15 12 11 18 9 8 10 4 19 5 6 13 14 7 3 17 16 1,ok,
cuda_ga_c4_global,build/CUDA-GA-C4-global,cuda_ga_c4_global,sequential/tests/fixtures/smoke_20.tsp,17,116,NA,256,2000,0.03,2,73,117.652,NA,NA,1 2 0 15 12 11 18 9 8 10 4 19 5 6 13 14 7 3 17 16 1,ok,
cuda_ga_c5_bigpop,build/CUDA-GA-C5-bigpop,cuda_ga_c5_bigpop,sequential/tests/fixtures/smoke_20.tsp,17,116,NA,256,2000,0.03,2,73,1685.68,NA,NA,9 8 10 4 19 5 6 11 12 15 0 2 1 16 17 3 7 14 13 18 9,ok,
cuda_ga_b4_smem,build/CUDA-GA-B4-smem,GPU-Pop B1+B2+B3-shuffle+B4-smem,sequential/tests/fixtures/smoke_20.tsp,17,116,NA,256,2000,0.03,2,73,118.596,NA,NA,16 1 2 0 15 12 11 6 5 19 4 10 8 9 18 13 14 7 3 17 16,ok,
gpu_naive,build/GPU-Naive,gpu_naive,sequential/tests/fixtures/smoke_20.tsp,18,117,NA,NA,NA,NA,NA,80,0.111039,NA,NA,8 9 18 6 5 19 4 14 13 11 12 15 0 7 3 17 16 1 2 10 8,ok,
cuda_ga,build/CUDA-GA,cuda_ga,sequential/tests/fixtures/smoke_20.tsp,18,117,512,NA,2000,0.03,4,74,560.623,NA,NA,3 17 16 1 2 7 14 6 5 19 4 10 8 9 18 13 11 12 15 0 3,ok,
cuda_ga_no_greedy,build/CUDA-GA-no-greedy,cuda_ga_no_greedy,sequential/tests/fixtures/smoke_20.tsp,18,117,512,NA,2000,0.03,4,74,562.711,NA,NA,17 3 16 1 2 7 14 5 19 4 10 8 9 18 6 13 11 12 15 0 17,ok,
cuda_ga_gpu_pop,build/CUDA-GA-GPU-Pop,GPU-Pop Control,sequential/tests/fixtures/smoke_20.tsp,18,117,NA,256,2000,0.03,2,73,121.415,2000,no,17 7 14 13 12 11 6 5 19 4 10 8 9 18 15 0 2 1 16 3 17,ok,
cuda_ga_gpu_pop_bankconflict,build/CUDA-GA-GPU-Pop-bankconflict,GPU-Pop Bank-Conflict Variant,sequential/tests/fixtures/smoke_20.tsp,18,117,NA,256,2000,0.03,2,73,120.257,2000,no,17 7 14 13 12 11 6 5 19 4 10 8 9 18 15 0 2 1 16 3 17,ok,
cuda_ga_gpu_pop_bitset,build/CUDA-GA-GPU-Pop-bitset,GPU-Pop Bitset Variant,sequential/tests/fixtures/smoke_20.tsp,18,117,NA,256,2000,0.03,2,73,115.054,2000,no,17 7 14 13 12 11 6 5 19 4 10 8 9 18 15 0 2 1 16 3 17,ok,
cuda_ga_gpu_pop_parallel_sort,build/GA-GPU-POP-ParallelSort,GA-GPU-POP-ParallelSort,sequential/tests/fixtures/smoke_20.tsp,18,117,NA,256,2000,0.03,2,73,127.608,NA,NA,13 14 6 5 19 4 10 8 9 18 15 0 2 1 16 17 3 7 11 12 13,ok,
cuda_ga_gpu_pop_aos,build/GA-GPU-POP-AoS,GA-GPU-POP-AoS,sequential/tests/fixtures/smoke_20.tsp,18,117,NA,256,2000,0.03,2,73,627.729,NA,NA,17 7 14 13 12 11 6 5 19 4 10 8 9 18 15 0 2 1 16 3 17,ok,
cuda_ga_gpu_pop_global_dist,build/GA-GPU-POP-GlobalDist,GA-GPU-POP-GlobalDist,sequential/tests/fixtures/smoke_20.tsp,18,117,NA,256,2000,0.03,2,73,148.832,2000,no,17 7 14 13 12 11 6 5 19 4 10 8 9 18 15 0 2 1 16 3 17,ok,
cuda_ga_gpu_pop_verbose_comments,build/GA-GPU-POP-VerboseComments,GA-GPU-POP-VerboseComments,sequential/tests/fixtures/smoke_20.tsp,18,117,NA,256,2000,0.03,2,73,205.683,NA,NA,17 7 14 13 12 11 6 5 19 4 10 8 9 18 15 0 2 1 16 3 17,ok,
cuda_ga_b1_stride,build/CUDA-GA-B1-stride,cuda_ga_b1_stride,sequential/tests/fixtures/smoke_20.tsp,18,117,NA,256,2000,0.03,2,73,125.101,NA,NA,5 19 4 10 8 9 18 15 0 2 1 16 3 17 7 12 11 13 14 6 5,ok,
cuda_ga_b2_bitmask,build/CUDA-GA-B2-bitmask,cuda_ga_b2_bitmask,sequential/tests/fixtures/smoke_20.tsp,18,117,NA,256,2000,0.03,2,73,119.214,NA,NA,5 19 4 10 8 9 18 15 0 2 1 16 3 17 7 12 11 13 14 6 5,ok,
cuda_ga_b3_reduce,build/CUDA-GA-B3-reduce,cuda_ga_b3_reduce,sequential/tests/fixtures/smoke_20.tsp,18,117,NA,256,2000,0.03,2,73,119.128,NA,NA,5 19 4 10 8 9 18 15 0 2 1 16 3 17 7 12 11 13 14 6 5,ok,
cuda_ga_b3_shuffle,build/CUDA-GA-B3-shuffle,GPU-Pop B1+B2+B3-shuffle,sequential/tests/fixtures/smoke_20.tsp,18,117,NA,256,2000,0.03,2,73,118.188,NA,NA,5 19 4 10 8 9 18 15 0 2 1 16 3 17 7 12 11 13 14 6 5,ok,
cuda_ga_b4_global,build/CUDA-GA-B4-global,cuda_ga_b4_global,sequential/tests/fixtures/smoke_20.tsp,18,117,NA,256,2000,0.03,2,73,116.637,NA,NA,5 19 4 10 8 9 18 15 0 2 1 16 3 17 7 12 11 13 14 6 5,ok,
cuda_ga_b5_bigpop,build/CUDA-GA-B5-bigpop,cuda_ga_b5_bigpop,sequential/tests/fixtures/smoke_20.tsp,18,117,NA,256,2000,0.03,2,73,1684.6,NA,NA,2 1 16 17 3 7 14 6 5 19 4 10 8 9 18 13 11 12 15 0 2,ok,
cuda_ga_c1_stride,build/CUDA-GA-C1-stride,cuda_ga_c1_stride,sequential/tests/fixtures/smoke_20.tsp,18,117,NA,256,2000,0.03,2,73,128.548,NA,NA,5 6 13 14 7 17 3 16 1 2 0 15 12 11 18 9 8 10 4 19 5,ok,
cuda_ga_c2_bitmask,build/CUDA-GA-C2-bitmask,cuda_ga_c2_bitmask,sequential/tests/fixtures/smoke_20.tsp,18,117,NA,256,2000,0.03,2,73,117.211,NA,NA,5 6 13 14 7 17 3 16 1 2 0 15 12 11 18 9 8 10 4 19 5,ok,
cuda_ga_c3_reduce,build/CUDA-GA-C3-reduce,cuda_ga_c3_reduce,sequential/tests/fixtures/smoke_20.tsp,18,117,NA,256,2000,0.03,2,73,116.92,NA,NA,5 6 13 14 7 17 3 16 1 2 0 15 12 11 18 9 8 10 4 19 5,ok,
cuda_ga_c4_global,build/CUDA-GA-C4-global,cuda_ga_c4_global,sequential/tests/fixtures/smoke_20.tsp,18,117,NA,256,2000,0.03,2,73,118.092,NA,NA,5 6 13 14 7 17 3 16 1 2 0 15 12 11 18 9 8 10 4 19 5,ok,
cuda_ga_c5_bigpop,build/CUDA-GA-C5-bigpop,cuda_ga_c5_bigpop,sequential/tests/fixtures/smoke_20.tsp,18,117,NA,256,2000,0.03,2,73,1683.44,NA,NA,6 13 11 12 15 0 2 1 16 17 3 7 14 5 19 4 10 8 9 18 6,ok,
cuda_ga_b4_smem,build/CUDA-GA-B4-smem,GPU-Pop B1+B2+B3-shuffle+B4-smem,sequential/tests/fixtures/smoke_20.tsp,18,117,NA,256,2000,0.03,2,73,116.704,NA,NA,5 19 4 10 8 9 18 15 0 2 1 16 3 17 7 12 11 13 14 6 5,ok,
gpu_naive,build/GPU-Naive,gpu_naive,sequential/tests/fixtures/smoke_20.tsp,19,118,NA,NA,NA,NA,NA,80,0.124726,NA,NA,8 9 18 6 5 19 4 14 13 11 12 15 0 7 3 17 16 1 2 10 8,ok,
cuda_ga,build/CUDA-GA,cuda_ga,sequential/tests/fixtures/smoke_20.tsp,19,118,512,NA,2000,0.03,4,74,559.912,NA,NA,7 3 17 16 1 2 18 9 8 10 4 19 5 6 14 13 11 12 15 0 7,ok,
cuda_ga_no_greedy,build/CUDA-GA-no-greedy,cuda_ga_no_greedy,sequential/tests/fixtures/smoke_20.tsp,19,118,512,NA,2000,0.03,4,74,563.461,NA,NA,1 16 17 3 0 15 12 11 13 6 18 9 8 10 4 19 5 14 7 2 1,ok,
cuda_ga_gpu_pop,build/CUDA-GA-GPU-Pop,GPU-Pop Control,sequential/tests/fixtures/smoke_20.tsp,19,118,NA,256,2000,0.03,2,73,121.524,2000,no,19 4 10 8 9 18 15 0 2 1 16 3 17 7 14 13 11 12 6 5 19,ok,
cuda_ga_gpu_pop_bankconflict,build/CUDA-GA-GPU-Pop-bankconflict,GPU-Pop Bank-Conflict Variant,sequential/tests/fixtures/smoke_20.tsp,19,118,NA,256,2000,0.03,2,73,120.534,2000,no,19 4 10 8 9 18 15 0 2 1 16 3 17 7 14 13 11 12 6 5 19,ok,
cuda_ga_gpu_pop_bitset,build/CUDA-GA-GPU-Pop-bitset,GPU-Pop Bitset Variant,sequential/tests/fixtures/smoke_20.tsp,19,118,NA,256,2000,0.03,2,73,114.989,2000,no,19 4 10 8 9 18 15 0 2 1 16 3 17 7 14 13 11 12 6 5 19,ok,
cuda_ga_gpu_pop_parallel_sort,build/GA-GPU-POP-ParallelSort,GA-GPU-POP-ParallelSort,sequential/tests/fixtures/smoke_20.tsp,19,118,NA,256,2000,0.03,2,73,125.348,NA,NA,0 2 1 16 17 3 7 14 13 18 9 8 10 4 19 5 6 11 12 15 0,ok,
cuda_ga_gpu_pop_aos,build/GA-GPU-POP-AoS,GA-GPU-POP-AoS,sequential/tests/fixtures/smoke_20.tsp,19,118,NA,256,2000,0.03,2,73,626.16,NA,NA,19 4 10 8 9 18 15 0 2 1 16 3 17 7 14 13 11 12 6 5 19,ok,
cuda_ga_gpu_pop_global_dist,build/GA-GPU-POP-GlobalDist,GA-GPU-POP-GlobalDist,sequential/tests/fixtures/smoke_20.tsp,19,118,NA,256,2000,0.03,2,73,149.098,2000,no,19 4 10 8 9 18 15 0 2 1 16 3 17 7 14 13 11 12 6 5 19,ok,
cuda_ga_gpu_pop_verbose_comments,build/GA-GPU-POP-VerboseComments,GA-GPU-POP-VerboseComments,sequential/tests/fixtures/smoke_20.tsp,19,118,NA,256,2000,0.03,2,73,203.97,NA,NA,19 4 10 8 9 18 15 0 2 1 16 3 17 7 14 13 11 12 6 5 19,ok,
cuda_ga_b1_stride,build/CUDA-GA-B1-stride,cuda_ga_b1_stride,sequential/tests/fixtures/smoke_20.tsp,19,118,NA,256,2000,0.03,2,73,124.924,NA,NA,4 10 8 9 18 11 12 15 0 2 1 16 17 3 7 13 14 6 5 19 4,ok,
cuda_ga_b2_bitmask,build/CUDA-GA-B2-bitmask,cuda_ga_b2_bitmask,sequential/tests/fixtures/smoke_20.tsp,19,118,NA,256,2000,0.03,2,73,117.318,NA,NA,4 10 8 9 18 11 12 15 0 2 1 16 17 3 7 13 14 6 5 19 4,ok,
cuda_ga_b3_reduce,build/CUDA-GA-B3-reduce,cuda_ga_b3_reduce,sequential/tests/fixtures/smoke_20.tsp,19,118,NA,256,2000,0.03,2,73,116.986,NA,NA,4 10 8 9 18 11 12 15 0 2 1 16 17 3 7 13 14 6 5 19 4,ok,
cuda_ga_b3_shuffle,build/CUDA-GA-B3-shuffle,GPU-Pop B1+B2+B3-shuffle,sequential/tests/fixtures/smoke_20.tsp,19,118,NA,256,2000,0.03,2,73,118.143,NA,NA,4 10 8 9 18 11 12 15 0 2 1 16 17 3 7 13 14 6 5 19 4,ok,
cuda_ga_b4_global,build/CUDA-GA-B4-global,cuda_ga_b4_global,sequential/tests/fixtures/smoke_20.tsp,19,118,NA,256,2000,0.03,2,73,117.613,NA,NA,4 10 8 9 18 11 12 15 0 2 1 16 17 3 7 13 14 6 5 19 4,ok,
cuda_ga_b5_bigpop,build/CUDA-GA-B5-bigpop,cuda_ga_b5_bigpop,sequential/tests/fixtures/smoke_20.tsp,19,118,NA,256,2000,0.03,2,73,1683.85,NA,NA,0 15 18 9 8 10 4 19 5 6 14 13 12 11 7 17 3 16 1 2 0,ok,
cuda_ga_c1_stride,build/CUDA-GA-C1-stride,cuda_ga_c1_stride,sequential/tests/fixtures/smoke_20.tsp,19,118,NA,256,2000,0.03,2,73,127.282,NA,NA,10 4 19 5 6 14 7 17 3 16 1 2 0 15 12 11 13 18 9 8 10,ok,
cuda_ga_c2_bitmask,build/CUDA-GA-C2-bitmask,cuda_ga_c2_bitmask,sequential/tests/fixtures/smoke_20.tsp,19,118,NA,256,2000,0.03,2,73,117.429,NA,NA,10 4 19 5 6 14 7 17 3 16 1 2 0 15 12 11 13 18 9 8 10,ok,
cuda_ga_c3_reduce,build/CUDA-GA-C3-reduce,cuda_ga_c3_reduce,sequential/tests/fixtures/smoke_20.tsp,19,118,NA,256,2000,0.03,2,73,117.766,NA,NA,10 4 19 5 6 14 7 17 3 16 1 2 0 15 12 11 13 18 9 8 10,ok,
cuda_ga_c4_global,build/CUDA-GA-C4-global,cuda_ga_c4_global,sequential/tests/fixtures/smoke_20.tsp,19,118,NA,256,2000,0.03,2,73,117.626,NA,NA,10 4 19 5 6 14 7 17 3 16 1 2 0 15 12 11 13 18 9 8 10,ok,
cuda_ga_c5_bigpop,build/CUDA-GA-C5-bigpop,cuda_ga_c5_bigpop,sequential/tests/fixtures/smoke_20.tsp,19,118,NA,256,2000,0.03,2,73,1685.87,NA,NA,8 10 4 19 5 14 13 7 3 17 16 1 2 0 15 12 11 6 18 9 8,ok,
cuda_ga_b4_smem,build/CUDA-GA-B4-smem,GPU-Pop B1+B2+B3-shuffle+B4-smem,sequential/tests/fixtures/smoke_20.tsp,19,118,NA,256,2000,0.03,2,73,118.588,NA,NA,4 10 8 9 18 11 12 15 0 2 1 16 17 3 7 13 14 6 5 19 4,ok,
gpu_naive,build/GPU-Naive,gpu_naive,sequential/tests/fixtures/smoke_20.tsp,20,119,NA,NA,NA,NA,NA,80,0.135997,NA,NA,8 9 18 6 5 19 4 14 13 11 12 15 0 7 3 17 16 1 2 10 8,ok,
cuda_ga,build/CUDA-GA,cuda_ga,sequential/tests/fixtures/smoke_20.tsp,20,119,512,NA,2000,0.03,4,74,564.867,NA,NA,7 14 6 5 19 4 10 8 9 18 13 11 12 15 0 3 17 16 1 2 7,ok,
cuda_ga_no_greedy,build/CUDA-GA-no-greedy,cuda_ga_no_greedy,sequential/tests/fixtures/smoke_20.tsp,20,119,512,NA,2000,0.03,4,75,566.588,NA,NA,7 14 4 10 8 19 5 6 18 9 11 13 12 15 0 2 1 16 17 3 7,ok,
cuda_ga_gpu_pop,build/CUDA-GA-GPU-Pop,GPU-Pop Control,sequential/tests/fixtures/smoke_20.tsp,20,119,NA,256,2000,0.03,2,73,121.333,2000,no,18 9 8 10 4 19 5 14 7 3 17 16 1 2 0 15 12 11 13 6 18,ok,
cuda_ga_gpu_pop_bankconflict,build/CUDA-GA-GPU-Pop-bankconflict,GPU-Pop Bank-Conflict Variant,sequential/tests/fixtures/smoke_20.tsp,20,119,NA,256,2000,0.03,2,73,120.524,2000,no,18 9 8 10 4 19 5 14 7 3 17 16 1 2 0 15 12 11 13 6 18,ok,
cuda_ga_gpu_pop_bitset,build/CUDA-GA-GPU-Pop-bitset,GPU-Pop Bitset Variant,sequential/tests/fixtures/smoke_20.tsp,20,119,NA,256,2000,0.03,2,73,115.251,2000,no,18 9 8 10 4 19 5 14 7 3 17 16 1 2 0 15 12 11 13 6 18,ok,
cuda_ga_gpu_pop_parallel_sort,build/GA-GPU-POP-ParallelSort,GA-GPU-POP-ParallelSort,sequential/tests/fixtures/smoke_20.tsp,20,119,NA,256,2000,0.03,2,73,125.72,NA,NA,1 16 3 17 7 14 13 18 9 8 10 4 19 5 6 11 12 15 0 2 1,ok,
cuda_ga_gpu_pop_aos,build/GA-GPU-POP-AoS,GA-GPU-POP-AoS,sequential/tests/fixtures/smoke_20.tsp,20,119,NA,256,2000,0.03,2,73,627.351,NA,NA,18 9 8 10 4 19 5 14 7 3 17 16 1 2 0 15 12 11 13 6 18,ok,
cuda_ga_gpu_pop_global_dist,build/GA-GPU-POP-GlobalDist,GA-GPU-POP-GlobalDist,sequential/tests/fixtures/smoke_20.tsp,20,119,NA,256,2000,0.03,2,73,148.871,2000,no,18 9 8 10 4 19 5 14 7 3 17 16 1 2 0 15 12 11 13 6 18,ok,
cuda_ga_gpu_pop_verbose_comments,build/GA-GPU-POP-VerboseComments,GA-GPU-POP-VerboseComments,sequential/tests/fixtures/smoke_20.tsp,20,119,NA,256,2000,0.03,2,73,205.057,NA,NA,18 9 8 10 4 19 5 14 7 3 17 16 1 2 0 15 12 11 13 6 18,ok,
cuda_ga_b1_stride,build/CUDA-GA-B1-stride,cuda_ga_b1_stride,sequential/tests/fixtures/smoke_20.tsp,20,119,NA,256,2000,0.03,2,73,125.328,NA,NA,16 1 2 0 15 12 11 6 5 19 4 10 8 9 18 13 14 7 3 17 16,ok,
cuda_ga_b2_bitmask,build/CUDA-GA-B2-bitmask,cuda_ga_b2_bitmask,sequential/tests/fixtures/smoke_20.tsp,20,119,NA,256,2000,0.03,2,73,117.358,NA,NA,16 1 2 0 15 12 11 6 5 19 4 10 8 9 18 13 14 7 3 17 16,ok,
cuda_ga_b3_reduce,build/CUDA-GA-B3-reduce,cuda_ga_b3_reduce,sequential/tests/fixtures/smoke_20.tsp,20,119,NA,256,2000,0.03,2,73,116.993,NA,NA,16 1 2 0 15 12 11 6 5 19 4 10 8 9 18 13 14 7 3 17 16,ok,
cuda_ga_b3_shuffle,build/CUDA-GA-B3-shuffle,GPU-Pop B1+B2+B3-shuffle,sequential/tests/fixtures/smoke_20.tsp,20,119,NA,256,2000,0.03,2,73,117.853,NA,NA,16 1 2 0 15 12 11 6 5 19 4 10 8 9 18 13 14 7 3 17 16,ok,
cuda_ga_b4_global,build/CUDA-GA-B4-global,cuda_ga_b4_global,sequential/tests/fixtures/smoke_20.tsp,20,119,NA,256,2000,0.03,2,73,117.817,NA,NA,16 1 2 0 15 12 11 6 5 19 4 10 8 9 18 13 14 7 3 17 16,ok,
cuda_ga_b5_bigpop,build/CUDA-GA-B5-bigpop,cuda_ga_b5_bigpop,sequential/tests/fixtures/smoke_20.tsp,20,119,NA,256,2000,0.03,2,73,1684.46,NA,NA,12 15 0 2 1 16 17 3 7 14 13 18 9 8 10 4 19 5 6 11 12,ok,
cuda_ga_c1_stride,build/CUDA-GA-C1-stride,cuda_ga_c1_stride,sequential/tests/fixtures/smoke_20.tsp,20,119,NA,256,2000,0.03,2,73,126.67,NA,NA,0 15 12 11 6 18 9 8 10 4 19 5 14 13 7 17 3 16 1 2 0,ok,
cuda_ga_c2_bitmask,build/CUDA-GA-C2-bitmask,cuda_ga_c2_bitmask,sequential/tests/fixtures/smoke_20.tsp,20,119,NA,256,2000,0.03,2,73,116.813,NA,NA,0 15 12 11 6 18 9 8 10 4 19 5 14 13 7 17 3 16 1 2 0,ok,
cuda_ga_c3_reduce,build/CUDA-GA-C3-reduce,cuda_ga_c3_reduce,sequential/tests/fixtures/smoke_20.tsp,20,119,NA,256,2000,0.03,2,73,118.817,NA,NA,0 15 12 11 6 18 9 8 10 4 19 5 14 13 7 17 3 16 1 2 0,ok,
cuda_ga_c4_global,build/CUDA-GA-C4-global,cuda_ga_c4_global,sequential/tests/fixtures/smoke_20.tsp,20,119,NA,256,2000,0.03,2,73,117.477,NA,NA,0 15 12 11 6 18 9 8 10 4 19 5 14 13 7 17 3 16 1 2 0,ok,
cuda_ga_c5_bigpop,build/CUDA-GA-C5-bigpop,cuda_ga_c5_bigpop,sequential/tests/fixtures/smoke_20.tsp,20,119,NA,256,2000,0.03,2,73,1683.11,NA,NA,17 3 7 14 13 11 12 6 5 19 4 10 8 9 18 15 0 2 1 16 17,ok,
cuda_ga_b4_smem,build/CUDA-GA-B4-smem,GPU-Pop B1+B2+B3-shuffle+B4-smem,sequential/tests/fixtures/smoke_20.tsp,20,119,NA,256,2000,0.03,2,73,119.233,NA,NA,16 1 2 0 15 12 11 6 5 19 4 10 8 9 18 13 14 7 3 17 16,ok,
